AreaNum,AreaName,S_L99,S_LR99,SLRLC99,SLRUC99,EL99,PEL99,PELLCI99,PELUCI99,S_L00,S_LR00,SLRLC00,SLRUC00,EL00,PEL00,PELLCI00,PELUCI00,S_L01,S_LR01,SLRLC01,SLRUC01,EL01,PEL01,PELLCI01,PELUCI01,S_L02,S_LR02,SLRLC02,SLRUC02,EL02,PEL02,PELLCI02,PELUCI02,S_L03,S_LR03,SLRLC03,SLRUC03,EL03,PEL03,PELLCI03,PELUCI03,S_L04,S_LR04,SLRLC04,SLRUC04,EL04,PEL04,PELLCI04,PELUCI04,S_L05,S_LR05,SLRLC05,SLRUC05,EL05,PEL05,PELLCI05,PELUCI05,S_L06,S_LR06,SLRLC06,SLRUC06,EL06,PEL06,PELLCI06,PELUCI06,S_L07,S_LR07,SLRLC07,SLRUC07,EL07,PEL07,PELLCI07,PELUCI07,S_L08,S_LR08,SLRLC08,SLRUC08,EL08,PEL08,PELLCI08,PELUCI08,S_L09,S_LR09,SLRLC09,SLRUC09,EL09,PEL09,PELLCI09,PELUCI09,S_L10,S_LR10,SLRLC10,SLRUC10,EL10,PEL10,PELLCI10,PELUCI10,S_L11,S_LR11,SLRLC11,SLRUC11,EL11,PEL11,PELLCI11,PELUCI11,S_L12,S_LR12,SLRLC12,SLRUC12,EL12,PEL12,PELLCI12,PELUCI12,S_L13,S_LR13,SLRLC13,SLRUC13,EL13,PEL13,PELLCI13,PELUCI13,TOT_POP,WHITE,HISP,BLACK,ASIAN,OTHER,LT_HS,HS,SOME_COLL,ASSOC,BACH,GRAD_PROF,NATIVE,FOR_BORN,ONLY_ENGLISH,NOT_ENGLISH,LING_ISO,ENGLISH,SPANISH,POLISH,CHINESE,TAGALOG,ARABIC,KOREAN,OTHER_ASIAN,OTHER_EURO,OTHER_UNSPEC,P_Crowd,P_LT_Pov,PM16UNEMP,PO25NoHS,PU18O64,PC_Income,Hardship,NumKits,NumMT5,MT5_PC,MT5_P_kit,Kit_PC,OneN_Kit
14,Albany Park,2152,313.3,300.1,326.5,209,9.7,8.4,11,2330,339.3,325.5,353.1,169,7.3,6.2,8.4,2352,347.9,333.8,362,143,6.1,5.1,7.1,2178,327.4,313.6,341.2,124,5.7,4.7,6.7,2394,365.7,351.1,380.3,118,4.9,4,5.8,2104,326.8,312.8,340.8,72,3.4,2.6,4.2,2247,354.9,340.2,369.6,54,2.4,1.8,3,2171,348.8,334.1,363.5,30,1.4,0.9,1.9,2318,378.9,363.5,394.3,32,1.4,0.9,1.9,2279,379.2,363.6,394.8,27,1.2,0.8,1.6,2218,375.8,360.2,391.4,20,0.9,0.5,1.3,2007,346.3,331.1,361.5,17,0.8,0.4,1.2,2168,374.1,358.4,389.8,27,1.2,0.7,1.7,2044,353,340,365,19,0.9,0.5,1.3,2024,349,337,362,14,0.7,0.3,1.1,51575,14932,24892,2337,7883,1531,7378,8192,5068,2047,7339,4041,25587,22290,16365,31512,16525,16365,21012,967,294,2310,621,650,1801,3294,563,11.3,19.2,10,32.9,32,21323,53,208,67.00000000000,0.001299079,0.322115385,0.004032962,247.9567308
57,Archer Heights,202,144,124.1,163.9,10,5,2,8,271,193.2,170.2,216.2,5,1.8,0,0,331,232.4,207.4,257.4,14,4.2,2,6.4,404,279.8,252.5,307.1,13,3.2,1.5,4.9,485,331.1,301.6,360.6,8,1.6,0.5,2.7,585,393.7,361.8,425.6,9,1.5,0.5,2.5,674,447.2,413.4,481,8,1.2,0.4,2,756,495.1,459.8,530.4,6,0.8,0.2,1.4,803,518.7,482.8,554.6,6,0.7,0.1,1.3,785,500.3,465.3,535.3,6,0.8,0.2,1.4,832,523.6,488,559.2,8,1,0.3,1.7,773,480.1,446.3,513.9,9,1.2,0.4,2,875,543.5,507.5,579.5,4,0.5,0,0,799,496,472,521,5,0.6,0.1,1.2,821,510,486,534,1,0.1,0,0.4,13233,2477,10178,79,439,60,2599,2881,1535,278,663,195,6810,5468,2291,9988,4447,2291,8451,1118,301,29,24,0,0,64,0,8.5,14.1,16.5,35.9,39.2,16134,67,14,8.00000000000,0.000604549,0.571428571,0.001057961,945.2142857
34,Armour Square,289,293.7,259.8,327.6,13,4.5,2.1,6.9,260,264.2,232.1,296.3,9,3.5,1.3,5.7,251,258,226.1,289.9,10,4,1.6,6.4,214,222.5,192.7,252.3,6,2.8,0.6,5,229,240.8,209.6,272,1,0.4,0,0,227,241.5,210.1,272.9,3,1.3,0,0,220,236.8,205.5,268.1,2,0.9,0,0,232,253,220.4,285.6,2,0.9,0,0,246,271.5,237.6,305.4,0,0,0,0,314,350.8,312,389.6,2,0.6,0,0,312,352.9,313.7,392.1,5,1.6,0,0,362,414.7,372,457.4,1,0.3,0,0,428,490.3,443.8,536.8,1,0.2,0,0,422,483,450,517,1,0.2,0,0.7,441,505,472,538,0,0,0,0,13699,1599,423,1248,10299,130,3342,3010,920,505,1313,884,4922,8144,3684,9382,6940,3684,235,25,8758,0,1,6,138,218,0,5.7,40.1,16.7,34.5,38.3,16148,82,9,2.00000000000,0.000145996,0.222222222,0.000656982,1522.111111
70,Ashburn,594,140.6,129.3,151.9,24,4,2.4,5.6,715,169.3,156.9,181.7,34,4.8,3.2,6.4,885,210.3,196.4,224.2,34,3.8,2.5,5.1,953,227.3,212.9,241.7,20,2.1,1.2,3,1114,266.8,251.1,282.5,19,1.7,0.9,2.5,1108,266.4,250.7,282.1,19,1.7,0.9,2.5,1471,355.1,337,373.2,12,0.8,0.3,1.3,1489,360.8,342.5,379.1,7,0.5,0.2,0.8,1513,368,349.5,386.5,4,0.3,0,0,1598,390.3,371.2,409.4,9,0.6,0.2,1,1556,381.6,362.6,400.6,13,0.8,0.3,1.3,1402,345.2,327.1,363.3,11,0.8,0.3,1.3,1496,368.3,349.6,387,3,0.2,0,0,1424,351,336,365,7,0.5,0.1,0.9,1414,348,333,363,7,0.5,0.1,0.9,43283,5044,16374,20721,314,830,4417,8141,6584,2239,3595,1906,33201,7343,26603,13941,5006,26603,12485,219,49,77,444,9,91,309,258,4,10.4,11.7,17.7,36.9,23482,37,105,48.00000000000,0.00110898,0.457142857,0.002425895,412.2190476
71,Auburn Gresham,2093,341.6,327,356.2,460,22,20.2,23.8,1991,325,310.7,339.3,413,20.7,18.9,22.5,2076,349,334,364,325,15.7,14.1,17.3,2041,353.7,338.4,369,291,14.3,12.8,15.8,2205,394.3,377.8,410.8,231,10.5,9.2,11.8,2021,373.4,357.1,389.7,187,9.3,8,10.6,1904,363.7,347.4,380,103,5.4,4.4,6.4,1868,369.5,352.7,386.3,52,2.8,2.1,3.5,1848,378.8,361.5,396.1,60,3.2,2.4,4,1928,410.3,392,428.6,35,1.8,1.2,2.4,2033,449.7,430.2,469.2,34,1.7,1.1,2.3,1783,410.6,391.5,429.7,38,2.1,1.4,2.8,1710,393.8,375.1,412.5,26,1.5,0.9,2.1,1741,401,386,416,25,1.4,0.9,2,1779,410,395,424,25,1.4,0.9,2,45770,257,614,44267,153,479,5356,10100,8973,2113,2771,1805,42495,737,42479,753,224,42479,377,2,0,20,0,11,61,202,80,4,27.6,28.3,18.5,41.9,15528,74,82,32.00000000000,0.000699148,0.390243902,0.001791567,558.1707317
25,Austin,4471,302.9,294,311.8,1527,34.2,32.8,35.6,3865,261.8,253.5,270.1,1193,30.9,29.4,32.4,3905,273.3,264.7,281.9,1010,25.9,24.5,27.3,3818,276.4,267.6,285.2,841,22,20.7,23.3,3711,278.2,269.2,287.2,540,14.6,13.5,15.7,3680,286.1,276.9,295.3,452,12.3,11.2,13.4,4686,378.2,367.4,389,314,6.7,6,7.4,4828,405.2,393.8,416.6,233,4.8,4.2,5.4,4824,421.7,409.8,433.6,234,4.9,4.3,5.5,4614,420.8,408.7,432.9,155,3.4,2.9,3.9,5500,524.3,510.4,538.2,116,2.1,1.7,2.5,4926,491.8,478.1,505.5,107,2.2,1.8,2.6,4931,492.3,478.6,506,100,2,1.6,2.4,4907,490,480,500,116,2.4,1.9,2.8,4972,496,487,506,79,1.6,1.2,1.9,97611,4407,12270,79668,475,791,13410,22597,13151,4490,5481,2746,85410,4859,78858,11411,4262,78858,9805,484,0,135,148,97,72,575,95,6.3,28.6,22.6,24.4,37.9,15957,73,122,37.00000000000,0.000379056,0.303278689,0.001249859,800.0901639
45,Avalon Park,222,221.1,192,250.2,32,14.4,9.8,19,225,224.1,194.8,253.4,26,11.6,7.4,15.8,333,341.5,304.8,378.2,38,11.4,8,14.8,351,371,332.2,409.8,27,7.7,4.9,10.5,355,387.1,346.8,427.4,16,4.5,2.3,6.7,333,375,334.7,415.3,20,6,3.4,8.6,402,468,422.3,513.7,15,3.7,1.8,5.6,330,398.1,355.1,441.1,8,2.4,0.7,4.1,327,408.8,364.5,453.1,13,4,1.9,6.1,329,426.7,380.6,472.8,3,0.9,0,0,331,446.1,398,494.2,7,2.1,0.5,3.7,312,437.6,389,486.2,4,1.3,0,0,310,434.8,386.4,483.2,2,0.6,0,0,298,418,382,454,2,0.7,0,1.6,312,438,401,474,7,2.2,0.6,3.9,9795,37,68,9573,19,99,852,1689,2443,492,1066,533,8967,147,8932,182,33,8932,61,0,0,0,0,0,47,16,59,1.4,17.2,21.1,10.6,39.3,24454,41,50,17.00000000000,0.001735579,0.34,0.005104645,195.9
21,Avondale,1442,287.5,272.7,302.3,124,8.6,7.2,10,1539,306.9,291.6,322.2,116,7.5,6.2,8.8,1569,317.5,301.8,333.2,96,6.1,4.9,7.3,1491,306.2,290.7,321.7,84,5.6,4.4,6.8,1609,335.6,319.2,352,74,4.6,3.6,5.6,1402,296.9,281.4,312.4,54,3.9,2.9,4.9,1420,305.4,289.5,321.3,41,2.9,2,3.8,1452,317.3,301,333.6,23,1.6,1,2.2,1399,310.7,294.4,327,21,1.5,0.9,2.1,1462,330.1,313.2,347,28,1.9,1.2,2.6,1673,384.1,365.7,402.5,33,2,1.3,2.7,1529,357,339.1,374.9,14,0.9,0.4,1.4,1599,373.3,355,391.6,11,0.7,0.3,1.1,1547,361,347,376,6,0.4,0.1,0.7,1440,336,322,350,8,0.6,0.2,0.9,38191,11898,23368,800,1340,785,6969,6215,3791,1225,4779,2881,22021,13426,13925,21522,10552,13925,18051,1890,60,378,98,10,392,633,10,6,15.3,9.2,24.7,31,20039,42,157,44.00000000000,0.001152104,0.280254777,0.004110916,243.2547771
19,Belmont Cragin,2197,225.6,216.2,235,141,6.4,5.4,7.4,2534,260.2,250.1,270.3,165,6.5,5.5,7.5,2874,296,285.2,306.8,163,5.7,4.9,6.5,3142,324.5,313.2,335.8,135,4.3,3.6,5,3316,343.5,331.8,355.2,133,4,3.3,4.7,2996,311.3,300.2,322.4,81,2.7,2.1,3.3,3453,359.8,347.8,371.8,73,2.1,1.6,2.6,3727,389.6,377.1,402.1,56,1.5,1.1,1.9,3963,415.5,402.6,428.4,50,1.3,1,1.6,4047,425.6,412.5,438.7,64,1.6,1.2,2,4324,456.1,442.5,469.7,54,1.2,0.9,1.5,4014,424.7,411.6,437.8,38,0.9,0.6,1.2,3984,421.5,408.4,434.6,30,0.8,0.5,1.1,3845,407,397,417,27,0.7,0.4,1,3772,399,389,409,26,0.7,0.4,1,78107,10859,62945,2194,1333,775,17258,14394,7502,2566,4385,1819,41760,30010,12965,58805,27126,12965,52636,4279,17,936,309,27,206,359,36,10.8,18.7,14.6,37.3,37.3,15461,70,55,18.00000000000,0.000230453,0.327272727,0.000704162,1420.127273
72,Beverly,243,117.6,102.8,132.4,8,3.3,1.1,5.5,316,152.9,136,169.8,10,3.2,1.3,5.1,295,144.8,128.3,161.3,14,4.7,2.3,7.1,317,158,140.6,175.4,9,2.8,1,4.6,382,193.3,173.9,212.7,8,2.1,0.7,3.5,296,152.1,134.8,169.4,6,2,0.4,3.6,370,193.1,173.4,212.8,3,0.8,0,0,377,200,179.8,220.2,4,1.1,0,0,409,220.5,199.1,241.9,2,0.5,0,0,342,187.4,167.5,207.3,0,0,0,0,399,222.4,200.6,244.2,2,0.5,0,0,355,201.2,180.3,222.1,4,1.1,0,0,316,179.1,159.4,198.8,4,1.3,0,0,280,159,142,176,6,2.1,0.4,3.8,308,175,157,192,2,0.6,0,1.5,20836,12043,1200,7047,89,457,457,2043,2853,1048,3955,4091,18762,639,18449,952,199,18449,553,60,18,39,8,0,4,199,71,0.9,5.1,8,3.7,40.5,39523,12,302,128.00000000000,0.006143214,0.42384106,0.014494145,68.99337748
60,Bridgeport,724,206.2,191.2,221.2,55,7.6,5.7,9.5,698,198.8,184.1,213.5,35,5,3.4,6.6,678,197.9,183,212.8,27,4,2.5,5.5,573,171.5,157.5,185.5,17,3,1.6,4.4,660,202.6,187.1,218.1,10,1.5,0.6,2.4,680,214.4,198.3,230.5,11,1.6,0.7,2.5,765,247.8,230.2,265.4,7,0.9,0.2,1.6,824,274.5,255.8,293.2,4,0.5,0,0,852,292.1,272.5,311.7,4,0.5,0,0,813,287,267.3,306.7,2,0.2,0,0,809,294.4,274.1,314.7,3,0.4,0,0,879,330.1,308.3,351.9,3,0.3,0,0,1025,384.9,361.3,408.5,7,0.7,0.2,1.2,1034,388,370,407,4,0.4,0,0.8,1047,393,375,412,1,0.1,0,0.3,32789,10955,8160,863,12193,618,5144,6899,3647,1516,4099,2211,19123,11703,14091,16735,8952,14091,5028,212,10421,104,20,74,190,676,11,4.5,18.9,13.7,22.2,31.3,22694,43,128,36.00000000000,0.001097929,0.28125,0.003903748,256.1640625
58,Brighton Park,1742,257,244.9,269.1,172,9.9,8.5,11.3,2107,310.9,297.6,324.2,156,7.4,6.3,8.5,2496,370.9,356.3,385.5,159,6.4,5.4,7.4,2486,372.2,357.6,386.8,120,4.8,4,5.6,2952,445.2,429.1,461.3,107,3.6,2.9,4.3,3082,468.4,451.9,484.9,100,3.2,2.6,3.8,3374,516.6,499.2,534,106,3.1,2.5,3.7,3215,496,478.9,513.1,66,2.1,1.6,2.6,3257,506.4,489,523.8,50,1.5,1.1,1.9,3555,556.9,538.6,575.2,45,1.3,0.9,1.7,3468,547.6,529.4,565.8,43,1.2,0.8,1.6,3381,538,519.9,556.1,44,1.3,0.9,1.7,3647,580.4,561.6,599.2,34,0.9,0.6,1.2,3452,549,537,562,38,1.1,0.8,1.4,3202,510,497,522,25,0.8,0.5,1.1,44231,2798,37468,453,3253,259,11325,7928,3322,1132,1693,581,20867,20419,6323,34963,16521,6323,31490,247,2742,89,8,0,113,224,50,14.4,23.6,13.9,45.1,39.3,13089,84,29,8.00000000000,0.000180869,0.275862069,0.000655649,1525.206897
47,Burnside,142,337.3,281.8,392.8,31,21.8,15,28.6,106,251.8,203.9,299.7,19,17.9,10.6,25.2,112,279.3,227.6,331,11,9.8,4.3,15.3,139,363.9,303.4,424.4,9,6.5,2.4,10.6,123,339.8,279.7,399.9,8,6.5,2.1,10.9,110,321.6,261.5,381.7,5,4.5,0,0,117,362.2,296.6,427.8,4,3.4,0,0,108,356.4,289.2,423.6,3,2.8,0,0,102,360.4,290.5,430.3,3,2.9,0,0,115,437.3,357.4,517.2,1,0.9,0,0,122,500,411.3,588.7,1,0.8,0,0,100,446.4,358.9,533.9,3,3,0,0,84,375,299.1,464.3,3,3.6,0,0,90,402,338,466,5,5.6,0.8,10.3,83,371,307,434,2,2.4,0,5.7,2442,11,0,2419,0,12,285,434,454,139,98,113,2232,93,2248,77,26,2248,0,0,0,0,0,0,0,70,7,6.8,33,18.6,19.3,42.7,12515,79,6,0.00000000000,0,0,0.002457002,407
48,Calumet Heights,254,201.6,176.8,226.4,31,12.2,8.2,16.2,295,234.1,207.4,260.8,36,12.2,8.5,15.9,390,319.4,287.7,351.1,24,6.2,3.8,8.6,436,368.9,334.3,403.5,19,4.4,2.5,6.3,461,403.3,366.5,440.1,14,3,1.4,4.6,472,427.5,388.9,466.1,8,1.7,0.5,2.9,448,420.7,381.7,459.7,11,2.5,1.1,3.9,441,430.2,390,470.4,5,1.1,0,0,473,479.7,436.5,522.9,11,2.3,0.9,3.7,414,437.2,395.1,479.3,7,1.7,0.5,2.9,419,461.5,417.3,505.7,4,1,0,0,319,367.1,326.8,407.4,0,0,0,0,333,383.2,342,424.4,1,0.3,0,0,352,405,372,438,1,0.3,0,0.8,323,372,340,404,1,0.3,0,0.9,13306,161,465,12566,12,102,1138,2628,2713,968,1545,1079,12232,704,11993,943,281,11993,444,0,7,0,0,0,0,333,159,2.1,11.5,20,11,44,28887,38,48,25.00000000000,0.001878852,0.520833333,0.003607395,277.2083333
44,Chatham,947,255.4,239.1,271.7,166,17.5,15.1,19.9,955,257.6,241.3,273.9,137,14.3,12.1,16.5,1147,320.3,301.8,338.8,149,13,11.1,14.9,1232,356.7,336.8,376.6,108,8.8,7.2,10.4,1323,397.8,376.4,419.2,85,6.4,5.1,7.7,1300,406.4,384.3,428.5,89,6.8,5.4,8.2,1295,421.5,398.5,444.5,42,3.2,2.2,4.2,1256,426.5,402.9,450.1,33,2.6,1.7,3.5,1298,460.6,435.5,485.7,35,2.7,1.8,3.6,1306,485.5,459.2,511.8,23,1.8,1.1,2.5,1260,491.6,464.5,518.7,16,1.3,0.7,1.9,1037,425.7,399.8,451.6,8,0.8,0.3,1.3,1019,418.3,392.6,444,5,0.5,0,0,1121,460,440,480,9,0.8,0.3,1.3,1144,470,450,489,5,0.4,0.1,0.8,30991,459,311,29836,93,291,2596,5925,6111,1701,2805,2013,28103,565,27464,1204,277,27464,661,28,20,0,0,0,21,157,316,3.3,27.8,24,14.5,40.3,18881,60,59,14.00000000000,0.000451744,0.237288136,0.001903779,525.2711864
66,Chicago Lawn,2829,328.5,316.4,340.6,487,17.2,15.8,18.6,2982,346.3,333.9,358.7,432,14.5,13.2,15.8,3238,383.4,370.2,396.6,397,12.3,11.2,13.4,3223,389.3,375.9,402.7,326,10.1,9.1,11.1,3560,438.7,424.3,453.1,224,6.3,5.5,7.1,3501,440.5,425.9,455.1,209,6,5.2,6.8,3968,509.8,493.9,525.7,164,4.1,3.5,4.7,3764,494.2,478.4,510,150,4,3.4,4.6,4030,540.9,524.2,557.6,114,2.8,2.3,3.3,3896,534.8,518,551.6,80,2.1,1.7,2.5,3941,553.5,536.2,570.8,54,1.4,1,1.8,3597,517.3,500.4,534.2,54,1.5,1.1,1.9,3648,524.6,507.6,541.6,43,1.2,0.8,1.6,3510,505,493,516,34,1,0.6,1.3,3584,515,504,527,34,0.9,0.6,1.3,54265,1973,26109,25023,304,856,9412,11457,6620,1786,1845,706,36985,12730,27056,22659,10362,27056,21831,73,37,57,104,0,16,482,59,7.6,27.9,17.1,31.2,40.6,13231,80,44,15.00000000000,0.000276421,0.340909091,0.000810836,1233.295455
64,Clearing,243,119.3,104.3,134.3,5,2.1,0,0,231,113.4,98.8,128,4,1.7,0,0,264,128.1,112.6,143.6,5,1.9,0,0,293,140.5,124.4,156.6,4,1.4,0,0,351,166.5,149.1,183.9,6,1.7,0.3,3.1,332,155.7,139,172.4,7,2.1,0.6,3.6,466,216.1,196.5,235.7,2,0.4,0,0,488,223.9,204,243.8,0,0,0,0,601,272.7,250.9,294.5,4,0.7,0,0,584,262.2,240.9,283.5,5,0.9,0,0,625,277.7,255.9,299.5,2,0.3,0,0,609,267.7,246.4,289,3,0.5,0,0,687,302,279.4,324.6,2,0.3,0,0,680,299,280,318,0,0,0,0,652,287,268,305,4,0.6,0,1.2,25200,11672,12527,340,361,300,2591,6755,3556,1300,2094,845,18499,4966,12921,10544,3378,12921,7791,1747,0,158,164,64,45,559,16,2.7,8.9,9.5,18.8,37.6,25113,29,65,33.00000000000,0.001309524,0.507692308,0.002579365,387.6923077
35,Douglas,1044,338.5,318,359,113,10.8,8.9,12.7,938,304.2,284.7,323.7,102,10.9,8.9,12.9,845,292.9,273.2,312.6,67,7.9,6.1,9.7,693,257.9,238.7,277.1,40,5.8,4.1,7.5,739,297,275.6,318.4,22,3,1.8,4.2,602,263,242,284,13,2.2,1,3.4,573,274,251.6,296.4,11,1.9,0.8,3,500,264.3,241.1,287.5,4,0.8,0,0,494,291.8,266.1,317.5,2,0.4,0,0,464,310.6,282.3,338.9,5,1.1,0,0,425,327.9,296.7,359.1,2,0.5,0,0,448,408.4,370.6,446.2,0,0,0,0,529,482.2,441.1,523.3,0,0,0,0,577,526,496,556,3,0.5,0,1.1,562,512,483,542,2,0.4,0,0.8,20559,2356,649,14460,2639,455,1748,2635,2976,823,2879,2634,16311,3499,15950,3860,1772,15950,526,64,1307,50,113,88,395,1104,213,1.8,29.6,18.2,14.3,30.7,23791,47,23,7.00000000000,0.000340483,0.304347826,0.001118731,893.8695652
17,Dunning,382,112.9,101.6,124.2,7,1.8,0.5,3.1,433,127.9,115.9,139.9,5,1.2,0,0,476,141,128.3,153.7,4,0.8,0,0,505,149.9,136.8,163,4,0.8,0,0,551,163.9,150.2,177.6,3,0.5,0,0,541,161.3,147.7,174.9,4,0.7,0,0,576,172.2,158.1,186.3,4,0.7,0,0,586,175.6,161.4,189.8,5,0.9,0,0,642,192.9,178,207.8,4,0.6,0,0,637,191.8,176.9,206.7,5,0.8,0,0,801,241.8,225.1,258.5,3,0.4,0,0,802,242.7,225.9,259.5,3,0.4,0,0,773,233.9,217.4,250.4,1,0.1,0,0,715,216,202,230,0,0,0,0,830,251,236,266,1,0.1,0,0.4,43444,27862,12559,895,1755,373,4142,10060,6819,2617,5117,2365,27189,13552,19034,21707,8749,19034,8732,9020,154,876,255,34,194,2297,145,5.2,10.6,10,16.2,33.6,26282,28,136,47.00000000000,0.001081852,0.345588235,0.003130467,319.4411765
27,East Garfield Park,1177,466.9,440.2,493.6,445,37.8,35,40.6,978,387.9,363.6,412.2,278,28.4,25.6,31.2,1156,465,438.2,491.8,264,22.8,20.4,25.2,1070,436.6,410.4,462.8,205,19.2,16.8,21.6,996,412.3,386.7,437.9,139,14,11.8,16.2,910,382.2,357.4,407,109,12,9.9,14.1,1035,441,414.1,467.9,67,6.5,5,8,1005,434.7,407.8,461.6,30,3,1.9,4.1,1051,461.6,433.7,489.5,31,2.9,1.9,3.9,1002,446.9,419.2,474.6,19,1.9,1.1,2.7,1060,480.3,451.4,509.2,14,1.3,0.6,2,1018,468.7,439.9,497.5,8,0.8,0.3,1.3,1094,503.7,473.9,533.5,10,0.9,0.3,1.5,1102,507,486,528,10,0.9,0.3,1.5,1052,484,463,505,9,0.9,0.3,1.4,20225,1079,711,18147,80,208,2544,4005,2733,785,1205,591,18249,336,17852,733,189,17852,605,47,0,46,6,0,19,9,1,8.2,42.4,19.6,21.3,43.2,12961,83,10,5.00000000000,0.000247219,0.5,0.000494438,2022.5
52,East Side,699,233.6,216.3,250.9,54,7.7,5.7,9.7,514,171.8,156.9,186.7,34,6.6,4.5,8.7,827,279.2,260.2,298.2,50,6,4.4,7.6,973,331.9,311,352.8,33,3.4,2.3,4.5,1016,350.2,328.7,371.7,24,2.4,1.5,3.3,1116,388.7,365.9,411.5,22,2,1.2,2.8,1097,386.1,363.3,408.9,32,2.9,1.9,3.9,1034,367.8,345.4,390.2,24,2.3,1.4,3.2,1154,415,391.1,438.9,16,1.4,0.7,2.1,979,356,333.7,378.3,13,1.3,0.6,2,1078,396.3,372.6,420,16,1.5,0.8,2.2,1030,382.9,359.5,406.3,7,0.7,0.2,1.2,1072,398.5,374.6,422.4,10,0.9,0.3,1.5,966,359,341,377,8,0.8,0.3,1.4,973,362,344,380,4,0.4,0,0.8,22982,3929,18387,562,66,38,4174,4731,2508,621,1240,487,14951,6666,6211,15405,5239,6211,14872,412,33,0,18,0,0,70,1,6.8,19.2,12.1,31.9,42.8,17104,64,30,9.00000000000,0.000391611,0.3,0.001305369,766.0666667
77,Edgewater,1411,318.6,302,335.2,80,5.7,4.5,6.9,1389,313.6,297.1,330.1,61,4.4,3.3,5.5,1416,327.6,310.5,344.7,47,3.3,2.4,4.2,1296,307.3,290.6,324,46,3.5,2.5,4.5,1322,321.7,304.4,339,42,3.2,2.3,4.1,942,235.3,220.3,250.3,19,2,1.1,2.9,1122,287.8,271,304.6,21,1.9,1.1,2.7,1064,280.6,263.7,297.5,20,1.9,1.1,2.7,1105,299.8,282.1,317.5,17,1.5,0.8,2.2,1117,312.1,293.8,330.4,7,0.6,0.1,1.1,1096,315.6,296.9,334.3,5,0.5,0,0,1098,326.1,306.8,345.4,8,0.7,0.2,1.2,1039,308.6,289.8,327.4,9,0.9,0.3,1.5,965,287,271,302,5,0.5,0.1,1,1034,307,292,323,6,0.6,0.1,1,55430,30615,9081,7592,6430,1712,4102,6425,6974,2278,13743,10055,37387,15883,33831,19439,8268,33831,7262,3037,588,908,282,150,1495,3726,1991,4.1,18.2,9.2,9.7,23.8,33385,19,297,66.00000000000,0.001190691,0.222222222,0.005358109,186.6329966
9,Edison Park,67,70.6,54.7,89.7,0,0,0,0,81,85.4,67.8,106.1,1,1.2,0,0,86,90.6,72.5,111.9,1,1.2,0,0,101,106.4,85.6,127.2,0,0,0,0,104,109.6,88.5,130.7,0,0,0,0,83,87.5,69.7,108.5,0,0,0,0,116,122.1,99.9,144.3,1,0.9,0,0,111,116.8,95.1,138.5,0,0,0,0,120,126.3,103.7,148.9,0,0,0,0,114,120,98,142,0,0,0,0,114,120,98,142,0,0,0,0,131,137.9,114.3,161.5,0,0,0,0,128,134.7,111.4,158,0,0,0,0,139,146,124,169,1,0.7,0,2.1,128,135,113,156,1,0.8,0,2.3,11008,9760,749,148,236,114,349,1695,1678,598,2369,1481,9235,1266,8579,1922,587,8579,565,513,5,10,11,18,132,635,33,1.1,3.3,6.5,7.4,35.3,40959,8,81,35.00000000000,0.003179506,0.432098765,0.007358285,135.9012346
68,Englewood,2645,475,456.9,493.1,1030,38.9,37,40.8,2310,414.8,397.9,431.7,823,35.6,33.6,37.6,2279,426.4,408.9,443.9,689,30.2,28.3,32.1,2405,469.6,450.8,488.4,558,23.2,21.5,24.9,2469,504.3,484.4,524.2,428,17.3,15.8,18.8,2546,544.9,523.7,566.1,402,15.8,14.4,17.2,2151,483.6,463.2,504,186,8.6,7.4,9.8,2169,513.5,491.9,535.1,131,6,5,7,2107,526.8,504.3,549.3,100,4.7,3.8,5.6,2162,572.7,548.6,596.8,75,3.5,2.7,4.3,2045,575.9,550.9,600.9,37,1.8,1.2,2.4,1660,498.9,474.9,522.9,38,2.3,1.6,3,1334,401,379.5,422.5,37,2.8,1.9,3.7,1584,476,459,493,46,2.9,2.1,3.7,1677,504,487,521,23,1.4,0.8,1.9,26020,204,756,24690,62,308,3835,5624,3867,1125,873,283,23008,618,22797,829,303,22797,590,7,5,8,0,0,34,46,139,3.8,46.6,28,28.5,42.5,11888,94,22,8.00000000000,0.000307456,0.363636364,0.000845503,1182.727273
12,Forest Glen,171,99.4,84.5,114.3,0,0,0,0,232,134.8,117.5,152.1,1,0.4,0,0,249,144.7,126.7,162.7,0,0,0,0,239,138.9,121.3,156.5,1,0.4,0,0,287,166.7,147.4,186,2,0.7,0,0,262,152.1,133.7,170.5,1,0.4,0,0,311,180.6,160.5,200.7,1,0.3,0,0,288,167.2,147.9,186.5,0,0,0,0,271,157.4,138.7,176.1,0,0,0,0,295,171.2,151.7,190.7,0,0,0,0,333,193.3,172.5,214.1,0,0,0,0,288,167.2,147.9,186.5,1,0.3,0,0,277,160.8,141.9,179.7,0,0,0,0,266,154,137,171,0,0,0,0,287,167,149,184,1,0.3,0,1,18651,13669,2440,169,1976,397,615,1876,1991,559,4461,3293,14186,3226,12125,5287,1469,12125,1577,763,125,523,132,196,348,1276,346,1.1,7.5,6.8,4.9,40.5,44164,11,248,111.00000000000,0.005951424,0.447580645,0.013296874,75.20564516
37,Fuller Park,220,565.6,490.9,640.3,87,39.5,33,46,194,498.7,428.5,568.9,66,34,27.3,40.7,157,418.7,353.2,484.2,44,28,21,35,180,498.6,425.8,571.4,40,22.2,16.1,28.3,172,497.1,422.8,571.4,22,12.8,7.8,17.8,162,488,412.9,563.1,27,16.7,11,22.4,168,528.3,448.4,608.2,15,8.9,4.6,13.2,139,457.2,381.2,533.2,10,7.2,2.9,11.5,152,524.1,440.8,607.4,9,5.9,2.1,9.7,172,625.5,532,719,4,2.3,0,0,148,567,475.7,658.3,0,0,0,0,93,376.5,303.9,461.2,1,1.1,0,0,121,489.9,402.6,577.2,3,2.5,0,0,134,543,480,605,7,5.2,1.5,9,141,571,509,633,4,2.8,0.1,5.6,2457,123,141,2175,16,2,472,648,318,143,122,77,2200,114,2182,132,49,2182,77,26,6,0,1,0,0,16,6,3.2,51.2,33.9,26.6,44.9,10432,97,4,2.00000000000,0.000814001,0.5,0.001628002,614.25
63,Gage Park,1682,280.1,266.7,293.5,177,10.5,9,12,1948,324.5,310.1,338.9,162,8.3,7.1,9.5,2283,383,367.3,398.7,147,6.4,5.4,7.4,2432,410.9,394.6,427.2,142,5.8,4.9,6.7,2826,481,463.3,498.7,124,4.4,3.6,5.2,2911,499.1,481,517.2,117,4,3.3,4.7,3266,564.1,544.8,583.4,88,2.7,2.1,3.3,3275,569.9,550.4,589.4,68,2.1,1.6,2.6,3308,579.9,560.1,599.7,47,1.4,1,1.8,3359,593.4,573.3,613.5,40,1.2,0.8,1.6,3298,587,567,607,23,0.7,0.4,1,3090,554.3,534.8,573.8,19,0.6,0.3,0.9,3291,590.3,570.1,610.5,25,0.8,0.5,1.1,3107,557,544,570,26,0.8,0.5,1.2,2994,537,524,550,16,0.5,0.3,0.8,40926,1432,37904,1352,191,47,9616,8262,2586,1082,945,378,20504,17133,4810,32827,14519,4810,32458,83,72,37,32,42,2,75,26,15.8,23.4,18.2,51.5,38.8,12171,93,27,9.00000000000,0.000219909,0.333333333,0.000659727,1515.777778
56,Garfield Ridge,449,136.9,124.2,149.6,26,5.8,3.6,8,486,148.2,135,161.4,16,3.3,1.7,4.9,518,158.5,144.9,172.1,17,3.3,1.8,4.8,536,164.6,150.7,178.5,7,1.3,0.3,2.3,607,187.1,172.2,202,6,1,0.2,1.8,637,197,181.7,212.3,6,0.9,0.1,1.7,829,257.3,239.8,274.8,8,1,0.3,1.7,840,261.7,244,279.4,4,0.5,0,0,887,277.3,259.1,295.5,1,0.1,0,0,946,296.8,277.9,315.7,6,0.6,0.1,1.1,962,302.9,283.8,322,6,0.6,0.1,1.1,961,303.7,284.5,322.9,0,0,0,0,1123,354.9,334.1,375.7,1,0.1,0,0,1016,321,305,337,5,0.5,0.1,0.9,992,314,297,330,2,0.2,0,0.5,35470,16196,17229,1431,305,309,4634,7342,5065,2009,3501,1745,25138,8159,18024,15273,5793,18024,11721,2856,138,45,70,17,1,421,4,2.6,8.8,11.3,19.3,38.1,26353,32,114,51.00000000000,0.001437835,0.447368421,0.003213984,311.1403509
38,Grand Boulevard,1900,463.5,442.7,484.3,353,18.6,16.9,20.3,1563,381.3,362.4,400.2,275,17.6,15.7,19.5,1127,289.3,272.4,306.2,156,13.8,11.8,15.8,1119,302.9,285.2,320.6,100,8.9,7.2,10.6,1194,342,322.6,361.4,54,4.5,3.3,5.7,996,302.8,284,321.6,42,4.2,3,5.4,920,298.1,278.8,317.4,34,3.7,2.5,4.9,799,277.1,257.9,296.3,16,2,1,3,853,318.2,296.8,339.6,23,2.7,1.6,3.8,1046,422.1,396.5,447.7,28,2.7,1.7,3.7,1151,505.7,476.5,534.9,18,1.6,0.9,2.3,1026,494.9,464.6,525.2,19,1.9,1.1,2.7,1224,590.4,557.3,623.5,12,1,0.4,1.6,1258,607,586,628,14,1.1,0.5,1.7,1113,537,515,558,10,0.9,0.3,1.5,22056,570,373,20503,89,521,2177,3232,4050,1001,2028,1917,19850,487,19500,837,236,19500,433,10,5,19,0,8,0,180,182,3.3,29.3,24.3,15.9,39.5,23472,57,27,5.00000000000,0.000226696,0.185185185,0.001224157,816.8888889
69,Greater Grand Crossing,1504,337.8,320.7,354.9,377,25.1,22.9,27.3,1436,322.6,305.9,339.3,328,22.8,20.6,25,1692,389.1,370.6,407.6,318,18.8,16.9,20.7,1663,391.8,373,410.6,258,15.5,13.8,17.2,1882,454.5,434,475,202,10.7,9.3,12.1,1826,452.2,431.5,472.9,177,9.7,8.3,11.1,1797,456.8,435.7,477.9,109,6.1,5,7.2,1803,470.8,449.1,492.5,61,3.4,2.6,4.2,1863,499.9,477.2,522.6,63,3.4,2.6,4.2,1799,496.5,473.6,519.4,43,2.4,1.7,3.1,1795,509.9,486.3,533.5,43,2.4,1.7,3.1,1592,466,443.1,488.9,37,2.3,1.6,3,1550,453.7,431.1,476.3,29,1.9,1.2,2.6,1718,503,486,520,31,1.8,1.2,2.4,1697,497,480,514,18,1.1,0.6,1.5,32461,431,387,31301,5,337,3208,6402,6363,1750,2221,1011,29659,530,29237,952,417,29237,482,6,5,0,0,1,0,155,303,3.6,29.6,23,16.5,41,17285,66,38,13.00000000000,0.000400481,0.342105263,0.001170636,854.2368421
55,Hegewisch,135,147.7,122.8,172.6,7,5.2,1.5,8.9,115,125.8,102.8,148.8,8,7,2.4,11.6,143,156.8,131.1,182.5,6,4.2,0.9,7.5,144,158.1,132.3,183.9,2,1.4,0,0,196,215.6,185.4,245.8,0,0,0,0,198,218.3,187.9,248.7,0,0,0,0,235,259.4,226.2,292.6,2,0.9,0,0,177,195.8,167,224.6,2,1.1,0,0,221,245,212.7,277.3,3,1.4,0,0,232,257.8,224.6,291,0,0,0,0,244,271.4,237.3,305.5,3,1.2,0,0,254,283.2,248.4,318,1,0.4,0,0,268,298.8,263,334.6,3,1.1,0,0,227,253,225,282,1,0.4,0,1.3,227,253,225,282,2,0.9,0,2.1,9182,4114,4604,447,0,17,1004,2394,1673,473,750,422,7579,1218,5693,3105,959,5693,2697,194,12,0,78,0,0,123,0,3.3,17.1,9.6,19.2,42.9,22677,44,15,4.00000000000,0.000435635,0.266666667,0.001633631,612.1333333
20,Hermosa,1098,310.6,292.2,329,131,11.9,10,13.8,1193,337.5,318.3,356.7,109,9.1,7.5,10.7,1358,389.2,368.5,409.9,113,8.3,6.8,9.8,1294,375.7,355.2,396.2,82,6.3,5,7.6,1414,416.1,394.4,437.8,68,4.8,3.7,5.9,1332,397.4,376.1,418.7,51,3.8,2.8,4.8,1302,393.7,372.3,415.1,31,2.4,1.6,3.2,1235,378.7,357.6,399.8,21,1.7,1,2.4,1248,388.2,366.7,409.7,22,1.8,1.1,2.5,1279,403.6,381.5,425.7,20,1.6,0.9,2.3,1360,435.3,412.2,458.4,22,1.6,0.9,2.3,1278,415.2,392.4,438,15,1.2,0.6,1.8,1215,394.7,372.5,416.9,9,0.7,0.2,1.2,1283,417,399,434,9,0.7,0.2,1.2,1225,398,381,415,4,0.3,0,0.6,24450,1900,21321,502,384,343,6185,3712,2520,809,1222,613,13864,8557,3677,18744,8632,3677,17949,408,0,130,0,31,80,146,0,6.9,20.5,13.1,41.6,36.4,15089,71,14,6.00000000000,0.000245399,0.428571429,0.000572597,1746.428571
23,Humboldt park,3355,348.4,336.6,360.2,870,25.9,24.4,27.4,3156,327.7,316.3,339.1,706,22.4,20.9,23.9,3261,348.8,336.8,360.8,537,16.5,15.2,17.8,3249,358.3,346,370.6,486,15,13.8,16.2,3103,353.2,340.8,365.6,350,11.3,10.2,12.4,2738,322,309.9,334.1,254,9.3,8.2,10.4,2991,363.8,350.8,376.8,191,6.4,5.5,7.3,3028,381.5,367.9,395.1,119,3.9,3.2,4.6,2999,391.7,377.7,405.7,99,3.3,2.7,3.9,3002,407.1,392.5,421.7,63,2.1,1.6,2.6,3248,458,442.2,473.8,65,2,1.5,2.5,3025,444.2,428.4,460,39,1.3,0.9,1.7,3049,447.7,431.8,463.6,41,1.3,0.9,1.7,2931,430,419,442,42,1.4,1,1.9,2759,405,393,417,29,1.1,0.7,1.4,56248,3258,30847,20912,305,926,9743,10490,6241,1570,3298,1242,41374,9980,25928,25426,10609,25928,24694,207,15,152,33,25,89,167,44,14.8,33.9,17.3,35.4,38,13781,85,65,19.00000000000,0.00033779,0.292307692,0.001155597,865.3538462
41,Hyde Park,366,213,191.2,234.8,28,7.7,5,10.4,360,209.5,187.9,231.1,26,7.2,4.5,9.9,428,254.3,230.2,278.4,27,6.3,4,8.6,474,287.8,261.9,313.7,24,5.1,3.1,7.1,614,380.9,350.8,411,14,2.3,1.1,3.5,577,366.1,336.2,396,8,1.4,0.4,2.4,573,371.8,341.4,402.2,11,1.9,0.8,3,506,336.2,306.9,365.5,9,1.8,0.6,3,486,330.6,301.2,360,11,2.3,1,3.6,385,268.5,241.7,295.3,5,1.3,0,0,409,292.4,264.1,320.7,2,0.5,0,0,430,315.5,285.7,345.3,4,0.9,0,0,503,369,336.8,401.2,0,0,0,0,535,393,367,418,5,0.9,0.1,1.7,555,407,381,433,1,0.2,0,0.5,26573,12539,2101,7621,3249,1063,583,1209,2036,523,4563,8097,20419,5034,19142,6311,1464,19142,1768,290,1539,125,180,207,539,1207,456,1.5,18.4,8.4,4.3,26.2,39056,14,187,23.00000000000,0.00086554,0.122994652,0.007037218,142.1016043
16,Irving Park,1629,257.3,244.8,269.8,96,5.9,4.8,7,1736,274.2,261.3,287.1,89,5.1,4.1,6.1,1802,289.2,275.8,302.6,95,5.3,4.3,6.3,1695,276.4,263.2,289.6,76,4.5,3.5,5.5,1785,295.8,282.1,309.5,57,3.2,2.4,4,1517,255.6,242.7,268.5,59,3.9,2.9,4.9,1774,303.9,289.8,318,39,2.2,1.5,2.9,1677,292.2,278.2,306.2,14,0.8,0.4,1.2,1683,298.4,284.1,312.7,25,1.5,0.9,2.1,1745,314.8,300,329.6,10,0.6,0.2,1,1755,322.4,307.3,337.5,19,1.1,0.6,1.6,1642,307.1,292.2,322,20,1.2,0.7,1.7,1783,333.5,318,349,11,0.6,0.2,1,1699,318,305,330,16,0.9,0.5,1.4,1672,313,300,325,9,0.5,0.2,0.9,55417,22975,24733,1543,4579,1587,6439,8484,6888,2446,9833,4713,34119,17149,24519,26749,11849,24519,19044,1939,285,1836,780,74,708,1641,442,6.3,13.1,10,22.4,31.6,27249,34,299,106.00000000000,0.00191277,0.35451505,0.005395456,185.3411371
11,Jefferson Park,283,132.2,116.8,147.6,4,1.4,0,0,316,147.6,131.3,163.9,5,1.6,0,0,307,143.7,127.6,159.8,4,1.3,0,0,320,150,133.6,166.4,4,1.3,0,0,379,178.1,160.2,196,5,1.3,0,0,332,156.3,139.5,173.1,1,0.3,0,0,412,194.3,175.5,213.1,1,0.2,0,0,397,187.6,169.1,206.1,3,0.8,0,0,474,224.4,204.2,244.6,5,1.1,0,0,481,228.3,207.9,248.7,4,0.8,0,0,481,228.7,208.3,249.1,2,0.4,0,0,481,229.2,208.7,249.7,0,0,0,0,497,236.8,216,257.6,1,0.2,0,0,479,228,210,246,1,0.2,0,0.6,492,234,216,253,1,0.2,0,0.6,26755,17155,6125,274,2597,604,2476,5109,3779,1511,4432,2278,17250,7729,13956,11023,4859,13956,4210,3354,351,476,344,134,908,1099,147,2.7,8.6,12.4,13.4,35.5,27751,25,131,44.00000000000,0.001644552,0.335877863,0.004896281,204.2366412
39,Kenwood,425,259,234.4,283.6,68,16,12.5,19.5,411,250.5,226.3,274.7,48,11.7,8.6,14.8,418,258.2,233.4,283,31,7.4,4.9,9.9,455,284.9,258.7,311.1,25,5.5,3.4,7.6,599,380.3,349.8,410.8,12,2,0.9,3.1,575,370.3,340,400.6,15,2.6,1.3,3.9,568,371,340.5,401.5,9,1.6,0.6,2.6,512,339.5,310.1,368.9,5,1,0,0,550,370.1,339.2,401,7,1.3,0.4,2.2,550,375.7,344.3,407.1,3,0.5,0,0,570,395.3,362.8,427.8,5,0.9,0,0,490,345.1,314.5,375.7,3,0.6,0,0,565,397.9,365.1,430.7,2,0.4,0,0,526,370,345,396,0,0,0,0,583,411,385,436,0,0,0,0,17074,2925,503,11690,1440,516,992,1491,2199,838,2942,3893,14069,2059,13955,2173,669,13955,351,79,770,90,40,135,172,266,270,2.4,21.7,15.7,11.3,35.4,35911,26,68,9.00000000000,0.000527117,0.132352941,0.003982664,251.0882353
6,Lake View,632,164.5,151.7,177.3,25,4,2.5,5.5,836,217.6,202.8,232.4,19,2.3,1.3,3.3,904,226,211.3,240.7,14,1.5,0.7,2.3,928,223.2,208.8,237.6,14,1.5,0.7,2.3,913,211.6,197.9,225.3,7,0.8,0.2,1.4,808,180.6,168.1,193.1,9,1.1,0.4,1.8,825,178.1,165.9,190.3,8,1,0.3,1.7,883,184.4,172.2,196.6,7,0.8,0.2,1.4,730,147.6,136.9,158.3,7,1,0.3,1.7,679,133,123,143,0,0,0,0,954,181.3,169.8,192.8,4,0.4,0,0,934,172.3,161.2,183.4,2,0.2,0,0,971,179.2,167.9,190.5,4,0.4,0,0,1065,196,186,207,2,0.2,0,0.4,1071,198,187,208,2,0.2,0,0.4,99876,78859,8099,3320,6735,2863,1542,4554,7238,2471,35819,24403,82162,12453,79899,14716,3734,79899,5107,1565,852,605,409,297,1326,3799,756,1.1,11.4,4.7,2.6,17,60058,5,576,51.00000000000,0.000510633,0.088541667,0.005767151,173.3958333
7,Lincoln Park,364,106.8,95.8,117.8,21,5.8,3.4,8.2,579,169.9,156.1,183.7,10,1.7,0.6,2.8,728,209,193.8,224.2,14,1.9,0.9,2.9,763,214.3,199.1,229.5,7,0.9,0.2,1.6,809,222.6,207.3,237.9,8,1,0.3,1.7,697,187.8,173.9,201.7,6,0.9,0.2,1.6,732,193.3,179.3,207.3,3,0.4,0,0,681,176.3,163.1,189.5,3,0.4,0,0,459,116.5,105.8,127.2,3,0.7,0,0,399,99.4,89.6,109.2,1,0.3,0,0,751,183.6,170.5,196.7,2,0.3,0,0,675,162,149.8,174.2,2,0.3,0,0,722,173.3,160.7,185.9,4,0.6,0,0,672,161,150,172,1,0.1,0,0.4,789,189,177,201,1,0.1,0,0.4,67260,53151,4675,3134,4243,2057,1205,2571,3321,1000,22458,16427,56046,7277,54755,8568,2131,54755,2680,1246,578,236,230,329,433,2635,201,0.8,12.3,5.1,3.6,21.5,71551,2,470,68.00000000000,0.001011002,0.144680851,0.006987809,143.106383
4,Lincoln Square,1027,277.3,260.3,294.3,74,7.2,5.6,8.8,1063,287.1,269.8,304.4,65,6.1,4.7,7.5,1064,289.7,272.3,307.1,49,4.6,3.3,5.9,970,266.3,249.5,283.1,31,3.2,2.1,4.3,1023,283.1,265.8,300.4,21,2.1,1.2,3,833,232.5,216.7,248.3,26,3.1,1.9,4.3,966,271.9,254.8,289,15,1.6,0.8,2.4,887,251.8,235.2,268.4,5,0.6,0,0,899,257.4,240.6,274.2,16,1.8,0.9,2.7,893,257.9,241,274.8,6,0.7,0.2,1.2,927,270,252.6,287.4,6,0.6,0.1,1.1,898,263.9,246.6,281.2,7,0.8,0.2,1.4,930,273.3,255.7,290.9,4,0.4,0,0,838,246,232,261,12,1.4,0.6,2.2,925,272,257,287,8,0.9,0.3,1.5,41483,26554,7284,1394,4608,1643,2819,3687,4524,1527,11589,7831,28376,9978,24565,13789,5140,24565,5483,1444,290,1339,637,322,1444,1937,893,3.4,10.9,8.2,13.4,25.5,37524,17,317,64.00000000000,0.001542801,0.201892744,0.007641685,130.8611987
22,Logan Square,2856,299.9,288.9,310.9,366,12.8,11.6,14,2913,305.9,294.8,317,320,11,9.9,12.1,2949,318,306.5,329.5,237,8,7,9,2840,314.6,303,326.2,188,6.6,5.7,7.5,2746,312.8,301.1,324.5,117,4.3,3.5,5.1,2535,297.1,285.5,308.7,88,3.5,2.8,4.2,2438,294.3,282.6,306,63,2.6,2,3.2,2412,300.1,288.1,312.1,45,1.9,1.4,2.4,2330,299.1,287,311.2,46,2,1.4,2.6,2323,308,295.5,320.5,32,1.4,0.9,1.9,2571,352.4,338.8,366,27,1.1,0.7,1.5,2457,348.7,334.9,362.5,24,1,0.6,1.4,2568,364.4,350.3,378.5,24,0.9,0.5,1.3,2427,344,333,355,17,0.7,0.4,1,2367,336,325,347,11,0.5,0.2,0.7,73757,32717,33784,3542,2143,1571,6607,10194,6897,2631,16396,9241,55212,13195,43025,25382,12132,43025,22457,961,126,257,64,158,171,981,207,3.2,16.8,8.2,14.8,26.2,31908,23,433,109.00000000000,0.001477826,0.251732102,0.005870629,170.3394919
32,Loop,99,186.4,151.5,226.9,13,13.1,6.4,19.8,104,195.9,158.2,233.6,6,5.8,1.3,10.3,147,253.9,212.9,294.9,7,4.8,1.4,8.2,140,223.3,186.3,260.3,4,2.9,0,0,153,227,191,263,4,2.6,0,0,128,177.3,146.6,208,3,2.3,0,0,147,190.9,160,221.8,4,2.7,0,0,139,169.9,141.7,198.1,1,0.7,0,0,145,167.4,140.2,194.6,0,0,0,0,115,126,103,149,0,0,0,0,171,177.9,151.2,204.6,0,0,0,0,216,214.1,185.5,242.7,0,0,0,0,300,297.3,263.7,330.9,1,0.3,0,0,326,323,294,352,1,0.3,0,0.9,385,382,352,412,3,0.8,0,1.7,35010,21691,2115,4003,6162,1039,422,1422,2831,1089,10479,9949,26112,7522,25293,8341,2441,25293,1691,841,1618,249,216,422,1085,2124,95,1.5,14.7,5.7,3.1,13.5,65526,3,85,10.00000000000,0.000285633,0.117647059,0.002427878,411.8823529
31,Lower West Side,2450,375.7,360.8,390.6,352,14.4,13,15.8,2712,415.9,400.2,431.6,255,9.4,8.3,10.5,2960,473.7,456.6,490.8,200,6.8,5.9,7.7,2754,460.8,443.6,478,174,6.3,5.4,7.2,2776,486.7,468.6,504.8,134,4.8,4,5.6,2812,517.8,498.7,536.9,95,3.4,2.7,4.1,2731,529.4,509.5,549.3,63,2.3,1.7,2.9,2577,527.4,507,547.8,37,1.4,0.9,1.9,2439,528.6,507.6,549.6,30,1.2,0.8,1.6,2284,526.1,504.5,547.7,17,0.7,0.3,1.1,2245,551.7,528.9,574.5,19,0.8,0.4,1.2,2093,551.4,527.8,575,12,0.6,0.3,0.9,2236,589,564.6,613.4,19,0.8,0.4,1.2,2052,541,525,556,9,0.4,0.2,0.7,1933,509,493,525,7,0.4,0.1,0.6,32998,4955,25699,1258,718,368,7056,4673,2958,1041,3881,1883,19459,11514,8847,22126,9345,8847,21063,174,104,73,167,56,141,297,51,9.6,25.8,15.8,40.7,32.6,16444,76,79,15.00000000000,0.000454573,0.189873418,0.002394084,417.6962025
59,McKinley Park,439,221.8,201.1,242.5,29,6.6,4.3,8.9,537,271.3,248.4,294.2,30,5.6,3.7,7.5,566,290.6,266.7,314.5,20,3.5,2,5,585,305,280.3,329.7,17,2.9,1.5,4.3,689,365.1,337.8,392.4,11,1.6,0.7,2.5,708,381.3,353.2,409.4,9,1.3,0.5,2.1,764,418.4,388.7,448.1,7,0.9,0.2,1.6,764,425.6,395.4,455.8,6,0.8,0.2,1.4,755,427.8,397.3,458.3,3,0.4,0,0,773,445.8,414.4,477.2,6,0.8,0.2,1.4,719,421.9,391.1,452.7,10,1.4,0.5,2.3,773,462,429.4,494.6,11,1.4,0.6,2.2,886,529.6,494.7,564.5,7,0.8,0.2,1.4,800,478,454,502,11,1.4,0.6,2.2,824,493,469,516,11,1.3,0.6,2.1,16064,2660,10095,145,2918,246,3070,2934,1701,662,1398,637,9209,5720,4224,10705,4495,4224,7889,159,2461,12,3,38,42,95,6,7.2,18.7,13.4,32.9,35.6,16954,61,29,10.00000000000,0.00062251,0.344827586,0.001805279,553.9310345
18,Montclaire,155,122.1,102.9,141.3,9,5.8,2.1,9.5,202,159.2,137.2,181.2,5,2.5,0,0,236,184.8,161.2,208.4,4,1.7,0,0,263,204.7,180,229.4,4,1.5,0,0,318,246.1,219.1,273.1,3,0.9,0,0,308,236.9,210.4,263.4,6,1.9,0.4,3.4,183,139.9,119.6,160.2,5,2.7,0,0,218,165.7,143.7,187.7,4,1.8,0,0,457,345.2,313.6,376.8,3,0.7,0,0,404,303.5,273.9,333.1,1,0.2,0,0,452,337.6,306.5,368.7,1,0.2,0,0,474,351.9,320.2,383.6,3,0.6,0,0,425,315.5,285.5,345.5,4,0.9,0,0,393,292,267,316,4,1,0,2,404,300,275,324,1,0.2,0,0.7,13040,4052,7608,584,522,275,1838,2713,1990,670,1102,501,8163,3925,4036,8052,2899,4036,5960,1316,17,147,31,48,132,393,8,8.1,15.3,13.8,23.5,38.6,22014,50,18,9.00000000000,0.000690184,0.5,0.001380368,724.4444444
75,Morgan Park,470,194.3,176.7,211.9,41,8.7,6.1,11.3,478,197.6,179.9,215.3,46,9.6,7,12.2,498,211.3,192.7,229.9,34,6.8,4.6,9,522,227.6,208.1,247.1,22,4.2,2.5,5.9,538,241,220.6,261.4,25,4.6,2.8,6.4,497,229.1,209,249.2,15,3,1.5,4.5,526,249.6,228.3,270.9,10,1.9,0.7,3.1,514,251.5,229.8,273.2,2,0.4,0,0,568,286.6,263,310.2,10,1.8,0.7,2.9,556,289.7,265.6,313.8,8,1.4,0.4,2.4,642,345.7,319,372.4,6,0.9,0.2,1.6,557,310.5,284.7,336.3,5,0.9,0,0,536,298.8,273.5,324.1,7,1.3,0.3,2.3,550,307,285,328,7,1.3,0.3,2.2,526,293,272,314,3,0.6,0,1.2,23035,6325,807,15253,45,604,1427,3384,3851,1611,2634,2645,21083,699,20784,999,273,20784,482,95,26,7,16,4,12,299,57,0.8,13.2,15,10.8,40.3,27149,30,144,63.00000000000,0.002734969,0.4375,0.006251357,159.9652778
74,Mount Greenwood,147,82.9,69.5,96.3,1,0.7,0,0,181,102,87.1,116.9,2,1.1,0,0,134,75.7,62.9,88.5,2,1.5,0,0,186,105.2,90.1,120.3,2,1.1,0,0,168,95.2,80.8,109.6,0,0,0,0,149,84.6,71,98.2,0,0,0,0,228,129.6,112.8,146.4,3,1.3,0,0,188,107.1,91.8,122.4,1,0.5,0,0,251,143.2,125.5,160.9,0,0,0,0,246,140.6,123,158.2,1,0.4,0,0,223,127.6,110.9,144.3,0,0,0,0,225,129,112.1,145.9,0,0,0,0,233,133.6,116.4,150.8,0,0,0,0,288,165,148,183,0,0,0,0,278,159,142,177,0,0,0,0,19029,15730,2090,589,368,252,514,3082,3350,968,2896,1518,16753,764,16185,1332,297,16185,687,63,44,148,42,42,38,268,0,1,3.4,8.7,4.3,36.8,34381,16,286,127.00000000000,0.006674024,0.444055944,0.015029692,66.53496503
8,Near North Side,1353,362.5,343.2,381.8,87,6.4,5.1,7.7,1176,315.1,297.1,333.1,55,4.7,3.5,5.9,1309,354.8,335.6,374,36,2.8,1.9,3.7,1322,362.6,343.1,382.1,36,2.7,1.8,3.6,1404,389.7,369.3,410.1,22,1.6,1,2.2,1258,353.4,333.9,372.9,14,1.1,0.5,1.7,1166,331.4,312.4,350.4,13,1.1,0.5,1.7,1068,307.3,288.9,325.7,11,1,0.4,1.6,991,288.8,270.8,306.8,4,0.4,0,0,897,264.7,247.4,282,2,0.2,0,0,925,276.4,258.6,294.2,5,0.5,0,0,991,300,281.3,318.7,0,0,0,0,1028,311.2,292.2,330.2,1,0.1,0,0,1056,320,304,336,0,0,0,0,1080,327,311,343,1,0.1,0,0.3,86343,62243,4627,7376,9906,2191,1757,3854,7536,2222,29795,27283,68860,14205,66404,16661,3924,66404,3742,1866,1974,456,704,522,1279,5330,788,1.9,12.9,7,2.5,22.6,88669,1,174,7.00000000000,8.1072E-05,0.040229885,0.002015218,496.2241379
33,Near South Side,425,359.6,325.4,393.8,36,8.5,5.9,11.1,360,304.6,273.1,336.1,24,6.7,4.1,9.3,372,301.2,270.6,331.8,14,3.8,1.9,5.7,354,275.1,246.4,303.8,16,4.5,2.3,6.7,416,310.4,280.6,340.2,11,2.6,1.1,4.1,380,272.8,245.4,300.2,8,2.1,0.7,3.5,374,258.6,232.4,284.8,7,1.9,0.5,3.3,317,211.6,188.3,234.9,4,1.3,0,0,300,193.4,171.5,215.3,3,1,0,0,276,172.1,151.8,192.4,1,0.4,0,0,393,237.3,213.8,260.8,3,0.8,0,0,440,257.5,233.4,281.6,1,0.2,0,0,515,301.3,275.3,327.3,1,0.2,0,0,534,312,290,334,0,0,0,0,551,322,300,345,0,0,0,0,23190,10433,1243,5488,5375,651,612,1110,2516,654,6142,7367,16947,4806,15788,5965,1136,15788,804,318,1330,490,84,94,555,2196,94,1.3,13.8,4.9,7.4,21.8,59077,7,56,0.00000000000,0,0,0.002414834,414.1071429
28,Near West Side,1710,399.3,380.4,418.2,261,15.3,13.6,17,1573,367.4,349.2,385.6,235,14.9,13.1,16.7,1430,337.9,320.4,355.4,151,10.6,9,12.2,1315,314.4,297.4,331.4,99,7.5,6.1,8.9,1246,301.5,284.8,318.2,89,7.1,5.7,8.5,1174,287.6,271.1,304.1,55,4.7,3.5,5.9,1153,286,269.5,302.5,22,1.9,1.1,2.7,1030,258.7,242.9,274.5,20,1.9,1.1,2.7,997,253.6,237.9,269.3,10,1,0.4,1.6,983,253.3,237.5,269.1,13,1.3,0.6,2,1203,314,296.3,331.7,10,0.8,0.3,1.3,1195,316.1,298.2,334,5,0.4,0,0,1500,396.7,376.6,416.8,8,0.5,0.1,0.9,1500,397,381,412,8,0.5,0.2,0.9,1521,402,387,418,6,0.4,0.1,0.7,62560,26071,6105,18559,10267,1558,3511,4597,4659,1482,14689,13236,48391,10646,44889,14148,4116,44889,3651,806,2983,313,266,786,1114,3838,391,3.8,20.6,10.7,9.6,22.2,44689,15,139,10.00000000000,0.000159847,0.071942446,0.002221867,450.0719424
61,New City,2839,346.7,333.9,359.5,639,22.5,21,24,2762,337.3,324.7,349.9,540,19.6,18.1,21.1,3148,395,381.2,408.8,503,16,14.7,17.3,3009,388.3,374.4,402.2,415,13.8,12.6,15,3142,417.3,402.7,431.9,278,8.8,7.8,9.8,3084,421.9,407,436.8,206,6.7,5.8,7.6,3418,482.1,465.9,498.3,175,5.1,4.4,5.8,3402,495.2,478.6,511.8,116,3.4,2.8,4,3353,504.2,487.1,521.3,107,3.2,2.6,3.8,3323,516.7,499.1,534.3,52,1.6,1.2,2,3264,525.5,507.5,543.5,36,1.1,0.7,1.5,3067,511.9,493.8,530,19,0.6,0.3,0.9,3325,555,536.1,573.9,25,0.8,0.5,1.1,3230,539,527,552,46,1.4,1,1.8,2711,453,440,465,31,1.1,0.7,1.5,41098,4970,25261,9490,977,400,7476,10661,3235,768,1167,484,25260,12381,16043,21598,10589,16043,20487,137,721,71,50,7,36,79,10,11.9,29,23,41.5,38.9,12765,91,27,4.00000000000,9.73283E-05,0.148148148,0.000656966,1522.148148
5,North Center,516,213,194.6,231.4,33,6.4,4.3,8.5,512,211.3,193,229.6,23,4.5,2.7,6.3,621,243.9,224.7,263.1,25,4,2.5,5.5,568,212.8,195.3,230.3,6,1.1,0.3,1.9,634,227,209.3,244.7,5,0.8,0,0,502,172.2,157.1,187.3,4,0.8,0,0,586,192.8,177.2,208.4,8,1.4,0.5,2.3,564,178.4,163.7,193.1,8,1.4,0.4,2.4,473,144,131,157,2,0.4,0,0,452,132.6,120.4,144.8,2,0.4,0,0,654,185.2,171,199.4,3,0.5,0,0,595,162.8,149.7,175.9,6,1,0.2,1.8,651,178.1,164.4,191.8,6,0.9,0.2,1.6,683,187,174,200,4,0.6,0,1.2,681,186,174,199,1,0.1,0,0.4,34942,26996,4378,713,1563,1292,1548,2478,2807,925,10509,7017,28105,3676,26776,5005,1322,26776,2723,364,117,297,105,33,201,1052,113,0.3,7.5,5.2,4.5,26.2,57123,6,319,80.00000000000,0.002289508,0.250783699,0.009129414,109.5360502
29,North Lawndale,2946,502,483.9,520.1,898,30.5,28.8,32.2,2388,406.9,390.6,423.2,677,28.4,26.6,30.2,2618,458.3,440.7,475.9,572,21.8,20.2,23.4,2458,442.5,425,460,484,19.7,18.1,21.3,2537,470.1,451.8,488.4,328,12.9,11.6,14.2,2534,483.6,464.8,502.4,278,11,9.8,12.2,2444,480.8,461.7,499.9,141,5.8,4.9,6.7,2254,457.6,438.7,476.5,97,4.3,3.5,5.1,2253,472.4,452.9,491.9,63,2.8,2.1,3.5,2177,472.1,452.3,491.9,46,2.1,1.5,2.7,2220,498.4,477.7,519.1,33,1.5,1,2,2301,535.5,513.6,557.4,38,1.7,1.2,2.2,2431,565.7,543.2,588.2,35,1.4,0.9,1.9,2364,550,535,565,36,1.5,1,2,2435,567,552,581,21,0.9,0.5,1.2,35423,796,2897,31112,83,535,5471,6533,5239,1123,1484,647,31366,1185,29757,2794,1034,29757,2425,36,0,0,3,51,26,159,94,7.4,43.1,21.2,27.6,42.7,12034,87,22,2.00000000000,5.64605E-05,0.090909091,0.000621065,1610.136364
13,North Park,332,192.4,171.7,213.1,12,3.6,1.6,5.6,415,240.4,217.3,263.5,22,5.3,3.1,7.5,409,240.7,217.4,264,12,2.9,1.3,4.5,419,250.6,226.6,274.6,13,3.1,1.4,4.8,447,271.7,246.5,296.9,11,2.5,1.1,3.9,352,217.6,194.9,240.3,7,2,0.5,3.5,463,291,264.5,317.5,7,1.5,0.4,2.6,451,288.4,261.8,315,5,1.1,0,0,443,288.2,261.4,315,6,1.4,0.3,2.5,503,333.1,304,362.2,1,0.2,0,0,473,318.9,290.2,347.6,4,0.8,0,0,425,291.9,264.1,319.7,1,0.2,0,0,462,317.3,288.4,346.2,2,0.4,0,0,384,264,241,286,4,1,0,2.1,427,293,270,317,4,0.9,0,1.9,18743,9642,3092,448,5121,440,1443,2642,2312,697,3889,1965,9873,7561,7668,9766,4115,7668,2124,866,474,501,841,539,579,3335,507,3.9,13.2,9.9,14.4,39,26576,33,81,26.00000000000,0.001387185,0.320987654,0.004321613,231.3950617
10,Norwood Park,248,84.6,74.1,95.1,4,1.6,0,0,293,100,88.5,111.5,2,0.7,0,0,290,98.7,87.3,110.1,5,1.7,0,0,339,115.1,102.8,127.4,1,0.3,0,0,366,123.9,111.2,136.6,3,0.8,0,0,341,115.2,103,127.4,1,0.3,0,0,409,137.8,124.4,151.2,2,0.5,0,0,400,134.5,121.3,147.7,2,0.5,0,0,451,151.2,137.2,165.2,4,0.9,0,0,415,138.8,125.4,152.2,3,0.7,0,0,502,167.5,152.8,182.2,0,0,0,0,458,152.5,138.5,166.5,3,0.7,0,0,490,163.1,148.7,177.5,0,0,0,0,408,136,124,148,0,0,0,0,443,147,135,160,0,0,0,0,36164,29774,4225,169,1178,818,2104,6987,5967,2220,6256,3477,26617,7411,23699,10328,3977,23699,2488,4637,131,586,449,26,120,1787,105,2,5.4,9,11.5,39.5,32875,21,299,136.00000000000,0.003760646,0.454849498,0.008267891,120.9498328
36,Oakland,326,342.8,305.6,380,31,9.5,6.3,12.7,298,313.4,277.8,349,37,12.4,8.7,16.1,271,293.6,258.6,328.6,18,6.6,3.6,9.6,211,235.8,204,267.6,17,8.1,4.4,11.8,327,376.7,335.9,417.5,7,2.1,0.5,3.7,313,372.6,331.3,413.9,5,1.6,0,0,362,445.8,399.9,491.7,3,0.8,0,0,207,264,228,300,0,0,0,0,241,318.8,278.6,359,0,0,0,0,243,333.3,291.4,375.2,0,0,0,0,288,410.8,363.4,458.2,3,1,0,0,278,413.1,364.5,461.7,2,0.7,0,0,293,435.4,385.5,485.3,1,0.3,0,0,314,467,429,504,0,0,0,0,333,495,457,533,0,0,0,0,6474,125,240,5949,124,36,578,856,1124,294,468,442,5434,591,5321,704,157,5321,203,6,0,14,0,0,25,116,340,1.3,39.7,28.7,18.4,40.4,19252,78,6,1.00000000000,0.000154464,0.166666667,0.000926784,1079
76,O'Hare,76,93.6,73.7,117.2,0,0,0,0,101,124.4,100.1,148.7,2,2,0,0,110,129.7,105.5,153.9,2,1.8,0,0,113,127.8,104.2,151.4,1,0.9,0,0,146,158.9,133.1,184.7,1,0.7,0,0,118,123.6,101.3,145.9,3,2.5,0,0,164,165.5,140.2,190.8,2,1.2,0,0,188,183.1,156.9,209.3,1,0.5,0,0,181,170.3,145.5,195.1,0,0,0,0,195,177.6,152.7,202.5,1,0.5,0,0,219,193.1,167.5,218.7,0,0,0,0,266,227.4,200.1,254.7,0,0,0,0,214,182.9,158.4,207.4,1,0.5,0,0,235,201,178,224,0,0,0,0,253,216,193,240,0,0,0,0,13130,9664,1147,233,1423,662,1130,2354,2066,930,2351,1375,5629,6656,4567,7719,3444,4567,828,3764,60,361,978,36,491,1080,120,3.6,15.4,7.1,10.9,30.3,25828,24,23,6.00000000000,0.000456969,0.260869565,0.001751714,570.8695652
15,Portage Park,1038,178.4,167.5,189.3,50,4.8,3.5,6.1,1143,196.4,185,207.8,42,3.7,2.6,4.8,1220,208.8,197.1,220.5,35,2.9,2,3.8,1232,210,198.3,221.7,35,2.8,1.9,3.7,1414,240.1,227.6,252.6,26,1.8,1.1,2.5,1316,222.5,210.5,234.5,37,2.8,1.9,3.7,1497,252.1,239.3,264.9,23,1.5,0.9,2.1,1504,252.3,239.5,265.1,20,1.3,0.7,1.9,1605,268.1,255,281.2,21,1.3,0.7,1.9,1717,285.7,272.2,299.2,14,0.8,0.4,1.2,1912,316.9,302.7,331.1,23,1.2,0.7,1.7,1816,299.8,286,313.6,15,0.8,0.4,1.2,1740,287.3,273.8,300.8,9,0.5,0.2,0.8,1666,275,264,286,6,0.4,0.1,0.6,1711,282,271,294,11,0.6,0.3,1,64517,31774,27575,862,2946,1360,7462,12802,8808,3622,8117,4022,39822,20830,25252,35400,14882,25252,21290,8233,180,1709,759,131,416,2367,316,4.1,11.6,12.6,19.3,34,24336,35,277,104.00000000000,0.001611978,0.375451264,0.004293442,232.9133574
50,Pullman,249,247,216.3,277.7,40,16.1,11.5,20.7,278,275.8,243.4,308.2,42,15.1,10.9,19.3,305,312.5,277.4,347.6,26,8.5,5.4,11.6,306,324.5,288.1,360.9,19,6.2,3.5,8.9,313,343.6,305.5,381.7,20,6.4,3.7,9.1,284,323.1,285.5,360.7,16,5.6,2.9,8.3,301,355.4,315.2,395.6,10,3.3,1.3,5.3,307,377.1,334.9,419.3,9,2.9,1,4.8,294,376,333,419,6,2,0.4,3.6,311,414.7,368.6,460.8,7,2.3,0.7,3.9,325,453.3,404,502.6,5,1.5,0,0,264,385.4,338.9,431.9,6,2.3,0.5,4.1,273,398.5,351.2,445.8,10,3.7,1.5,5.9,246,359,323,395,2,0.8,0,1.9,231,337,302,373,1,0.4,0,1.3,6620,633,335,5474,43,135,597,1195,1401,324,799,354,5931,238,5706,463,271,5706,315,0,11,0,0,0,13,98,26,1.5,21.6,22.8,13.1,38.6,20588,51,18,8.00000000000,0.001208459,0.444444444,0.002719033,367.7777778
54,Riverdale,431,243.9,220.9,266.9,24,5.6,3.4,7.8,660,373.5,345,402,27,4.1,2.6,5.6,515,306.9,280.4,333.4,32,6.2,4.1,8.3,378,237.7,213.7,261.7,9,2.4,0.9,3.9,0,0,0,0,0,0,0,0,0,0,0,0,0,0,0,0,0,0,0,0,0,0,0,0,0,0,0,0,0,0,0,0,0,0,0,0,0,0,0,0,0,0,0,0,0,0,0,0,0,0,0,0,0,0,0,0,0,0,0,0,0,0,0,0,0,0,0,0,0,0,0,0,0,0,0,0,0,0,0,0,0,0,0,0,0,0,0,0,7382,135,265,6926,26,30,778,854,1146,279,106,55,6247,155,6165,237,125,6165,211,0,17,0,0,0,0,0,9,5.8,56.5,34.6,27.5,51.5,8201,98,5,1.00000000000,0.000135465,0.2,0.000677323,1476.4
1,Rogers Park,2449,356.8,342.7,370.9,258,10.5,9.3,11.7,2364,344.4,330.5,358.3,183,7.7,6.6,8.8,2501,375.3,360.6,390,146,5.8,4.9,6.7,2219,343.3,329,357.6,106,4.8,3.9,5.7,2182,348.3,333.7,362.9,95,4.4,3.5,5.3,1617,266.7,253.7,279.7,76,4.7,3.7,5.7,1718,293,279.1,306.9,41,2.4,1.7,3.1,1571,277.4,263.7,291.1,30,1.9,1.2,2.6,1645,301.1,286.5,315.7,24,1.5,0.9,2.1,1663,315.9,300.7,331.1,18,1.1,0.6,1.6,1978,390.6,373.4,407.8,20,1,0.6,1.4,1895,389.6,372.1,407.1,12,0.6,0.2,1,1774,364.7,347.7,381.7,9,0.5,0.2,0.8,1820,374,361,388,20,1.1,0.6,1.6,1760,362,348,375,14,0.8,0.4,1.2,55500,23604,12383,14455,3205,1853,5708,7175,6986,1825,9693,6627,37641,14518,32664,19495,8197,32664,10915,1265,447,350,316,100,662,2896,2544,7.7,23.6,8.7,18.2,27.5,23939,39,185,30.00000000000,0.000540541,0.162162162,0.003333333,300
49,Roseland,1703,310,295.3,324.7,409,24,22,26,1599,291.1,276.8,305.4,337,21.1,19.1,23.1,1803,338.6,323,354.2,309,17.1,15.4,18.8,1886,365.7,349.2,382.2,257,13.6,12.1,15.1,1998,400.5,382.9,418.1,200,10,8.7,11.3,1742,361.3,344.3,378.3,119,6.8,5.6,8,1675,360,342.8,377.2,111,6.6,5.4,7.8,1622,361.6,344,379.2,80,4.9,3.8,6,1669,386.6,368.1,405.1,67,4,3.1,4.9,1739,419.1,399.4,438.8,35,2,1.3,2.7,1846,463.7,442.5,484.9,31,1.7,1.1,2.3,1468,385,365.3,404.7,34,2.3,1.5,3.1,1409,369.5,350.2,388.8,27,1.9,1.2,2.6,1548,406,390,422,28,1.8,1.1,2.5,1389,364,349,380,19,1.4,0.8,2,42327,417,396,40798,169,547,4252,6942,8695,2531,3448,2098,39190,890,38492,1588,411,38492,669,54,31,58,39,15,59,495,168,2.5,19.8,20.3,16.9,41.2,17949,52,86,28.00000000000,0.000661516,0.325581395,0.0020318,492.1744186
46,South Chicago,1716,338.3,322.3,354.3,347,20.2,18.3,22.1,1291,254.5,240.6,268.4,218,16.9,14.9,18.9,1910,390.4,372.9,407.9,231,12.1,10.6,13.6,1962,416.4,398,434.8,235,12,10.6,13.4,2138,471.9,451.9,491.9,161,7.5,6.4,8.6,2121,487.5,466.8,508.2,130,6.1,5.1,7.1,1990,477.2,456.2,498.2,87,4.4,3.5,5.3,1871,469,447.7,490.3,78,4.2,3.3,5.1,1838,482.5,460.4,504.6,46,2.5,1.8,3.2,1724,475.2,452.8,497.6,24,1.4,0.8,2,1766,512.2,488.3,536.1,26,1.5,0.9,2.1,1611,493.1,469,517.2,27,1.7,1.1,2.3,1612,493.4,469.3,517.5,26,1.6,1,2.2,1567,480,463,497,24,1.5,0.9,2.1,1525,467,450,484,15,1,0.5,1.5,27601,672,5810,20826,16,277,3450,5356,4446,1262,1763,871,22536,2792,19928,5400,2274,19928,4518,58,16,0,14,0,0,402,392,4.7,29.8,19.7,26.6,41.1,16579,75,41,13.00000000000,0.000470997,0.317073171,0.001485453,673.195122
51,South Deering,456,243.5,221.2,265.8,42,9.2,6.5,11.9,462,246.7,224.2,269.2,30,6.5,4.3,8.7,641,349.1,322.1,376.1,39,6.1,4.2,8,642,356.9,329.3,384.5,27,4.2,2.6,5.8,724,410.9,381,440.8,27,3.7,2.3,5.1,665,385.5,356.2,414.8,17,2.6,1.4,3.8,684,405.2,374.8,435.6,14,2,0.9,3.1,645,390.7,360.5,420.9,11,1.7,0.7,2.7,620,384.1,353.9,414.3,9,1.5,0.6,2.4,640,405.8,374.4,437.2,3,0.5,0,0,662,429.9,397.2,462.6,3,0.5,0,0,616,409.8,377.4,442.2,5,0.8,0,0,642,427.1,394.1,460.1,2,0.3,0,0,583,388,363,413,1,0.2,0,0.5,618,411,386,436,2,0.3,0,0.8,14635,781,4139,9575,1,139,1906,3222,2555,591,613,458,11981,1775,10216,3540,1456,10216,3119,149,0,0,0,0,1,207,64,4,29.2,16.3,21,39.5,14685,65,29,14.00000000000,0.000956611,0.482758621,0.001981551,504.6551724
30,South Lawndale,4682,373.6,362.9,384.3,685,14.6,13.6,15.6,4881,389.5,378.6,400.4,507,10.4,9.5,11.3,5804,472.7,460.5,484.9,469,8.1,7.4,8.8,5472,455.1,443,467.2,366,6.7,6,7.4,5833,495.6,482.9,508.3,315,5.4,4.8,6,6585,571.8,558,585.6,255,3.9,3.4,4.4,6739,598.4,584.1,612.7,181,2.7,2.3,3.1,6561,596,581.6,610.4,122,1.9,1.6,2.2,6408,595.9,581.3,610.5,104,1.6,1.3,1.9,6504,619.4,604.3,634.5,74,1.1,0.8,1.4,6591,643.3,627.8,658.8,62,0.9,0.7,1.1,6089,609.4,594.1,624.7,54,0.9,0.7,1.1,6054,605.9,590.6,621.2,46,0.8,0.6,1,5488,549,539,559,48,0.9,0.6,1.1,5339,534,525,544,51,1,0.7,1.2,73983,2545,62126,8831,201,280,21173,11936,4873,1692,2190,785,39441,28400,14954,52887,25033,14954,52409,141,0,57,50,41,19,164,6,15.2,30.7,15.8,54.8,33.8,10402,96,29,8.00000000000,0.000108133,0.275862069,0.000391982,2551.137931
43,South Shore,2085,292.4,279.8,305,410,19.7,18,21.4,1862,261.2,249.3,273.1,343,18.4,16.6,20.2,2525,366.7,352.4,381,365,14.5,13.1,15.9,2559,385.2,370.3,400.1,327,12.8,11.5,14.1,2700,421.9,406,437.8,234,8.7,7.6,9.8,2447,397.6,381.8,413.4,167,6.8,5.8,7.8,2157,364.9,349.5,380.3,103,4.8,3.9,5.7,2030,358.2,342.6,373.8,57,2.8,2.1,3.5,2255,415.7,398.5,432.9,63,2.8,2.1,3.5,2262,436.7,418.7,454.7,44,1.9,1.3,2.5,2255,456.8,437.9,475.7,37,1.6,1.1,2.1,2070,441.1,422.1,460.1,24,1.2,0.7,1.7,2207,470.3,450.7,489.9,24,1.1,0.7,1.5,2218,473,458,487,28,1.3,0.8,1.7,2248,479,465,493,10,0.4,0.2,0.7,50768,1467,924,47326,258,793,3926,7955,10283,2847,4841,3322,45309,1653,44314,2648,1039,44314,1056,38,31,96,20,38,113,467,788,2.8,31.1,20,14,35.7,19398,55,75,13.00000000000,0.000256067,0.173333333,0.001477309,676.9066667
3,Uptown,2247,496.9,476.4,517.4,253,11.3,10,12.6,2002,442.7,423.3,462.1,145,7.2,6.1,8.3,1932,435.2,415.8,454.6,119,6.2,5.1,7.3,1845,423.6,404.3,442.9,105,5.7,4.6,6.8,1760,411.9,392.7,431.1,81,4.6,3.6,5.6,1330,317.4,300.3,334.5,53,4,2.9,5.1,1614,393,373.8,412.2,34,2.1,1.4,2.8,1480,367.8,349.1,386.5,28,1.9,1.2,2.6,1340,340,321.8,358.2,11,0.8,0.3,1.3,1343,348.1,329.5,366.7,9,0.7,0.3,1.1,1473,390.2,370.3,410.1,12,0.8,0.3,1.3,1298,351.6,332.5,370.7,6,0.5,0.1,0.9,1306,353.7,334.5,372.9,7,0.5,0.1,0.9,1214,329,314,344,5,0.4,0.1,0.8,1222,331,316,346,7,0.6,0.1,1,56296,30456,7468,10970,5773,1629,4800,7414,6254,2329,15315,9176,39772,14261,34412,19621,8791,34412,6853,1784,479,827,839,600,1860,3122,3257,3.8,24,8.9,11.8,22.2,35787,20,250,21.00000000000,0.000373028,0.084,0.004440813,225.184
73,Washington Heights,757,277.1,257.4,296.8,97,12.8,10.4,15.2,808,295.8,275.4,316.2,96,11.9,9.7,14.1,935,352.4,329.8,375,103,11,9,13,918,356.6,333.5,379.7,76,8.3,6.5,10.1,942,377.4,353.3,401.5,47,5,3.6,6.4,840,347.5,324,371,40,4.8,3.4,6.2,850,363.6,339.2,388,20,2.4,1.4,3.4,797,352.8,328.3,377.3,23,2.9,1.7,4.1,816,374.3,348.6,400,15,1.8,0.9,2.7,834,396.8,369.9,423.7,8,1,0.3,1.7,941,465.2,435.5,494.9,13,1.4,0.7,2.1,801,412,383.5,440.5,15,1.9,1,2.8,722,371.4,344.3,398.5,11,1.5,0.6,2.4,723,372,350,393,9,1.2,0.4,2.1,719,370,348,391,5,0.7,0.1,1.3,27055,170,324,25981,8,572,1917,5570,5537,1588,2775,1544,25593,401,25057,937,133,25057,359,17,6,0,0,0,8,246,301,1.1,16.9,20.8,13.7,42.6,19713,48,68,37.00000000000,0.001367585,0.544117647,0.002513399,397.8676471
40,Washington Park,1073,520.6,489.4,551.8,234,21.8,19.3,24.3,836,405.6,378.1,433.1,183,21.9,19.1,24.7,803,401.7,373.9,429.5,135,16.8,14.2,19.4,779,402,373.8,430.2,99,12.7,10.4,15,882,470.1,439.1,501.1,70,7.9,6.1,9.7,909,500.8,468.2,533.4,68,7.5,5.8,9.2,891,508.3,474.9,541.7,39,4.4,3.1,5.7,821,485.5,452.3,518.7,35,4.3,2.9,5.7,784,481,447.3,514.7,25,3.2,2,4.4,739,471.3,437.3,505.3,15,2,1,3,733,486.4,451.2,521.6,6,0.8,0.1,1.5,626,433.2,399.3,467.1,5,0.8,0,0,726,502.4,465.9,538.9,3,0.4,0,0,751,520,494,545,9,1.2,0.4,2,715,495,469,521,4,0.6,0,1.1,11868,48,216,11199,14,391,1152,1786,1840,418,841,426,10388,148,10087,449,133,10087,265,0,27,6,0,0,6,64,81,5.6,42.1,28.6,25.4,42.8,13785,88,9,1.00000000000,8.42602E-05,0.111111111,0.000758342,1318.666667
62,West Elsdon,299,167.5,148.5,186.5,9,3,1.1,4.9,387,216.8,195.2,238.4,9,2.3,0.8,3.8,443,242.9,220.3,265.5,11,2.5,1.1,3.9,469,251.7,228.9,274.5,9,1.9,0.7,3.1,607,319.1,293.7,344.5,10,1.6,0.6,2.6,646,332.8,307.1,358.5,9,1.4,0.5,2.3,820,414.1,385.8,442.4,4,0.5,0,0,896,444,414.9,473.1,5,0.6,0,0,960,466.7,437.2,496.2,4,0.4,0,0,915,436.5,408.2,464.8,5,0.5,0,0,966,452.5,424,481,4,0.4,0,0,950,437,409.2,464.8,7,0.7,0.2,1.2,1071,492.6,463.1,522.1,2,0.2,0,0,1026,472,451,493,3,0.3,0,0.6,1005,462,441,483,2,0.2,0,0.5,19958,2845,16585,213,310,5,3421,4193,2031,734,864,332,11087,7729,3267,15548,5988,3267,14186,1021,216,4,10,9,1,64,38,11.1,15.6,16.7,37,37.7,15754,69,19,8.00000000000,0.000400842,0.421052632,0.000951999,1050.421053
67,West Englewood,2529,443.2,425.9,460.5,871,34.4,32.5,36.3,2398,420.3,403.5,437.1,743,31,29.1,32.9,2515,456.5,438.7,474.3,674,26.8,25.1,28.5,2467,464.4,446.1,482.7,536,21.7,20.1,23.3,2475,483.9,464.8,503,386,15.6,14.2,17,2288,465.2,446.1,484.3,303,13.2,11.8,14.6,2231,472.5,452.9,492.1,160,7.2,6.1,8.3,2185,482.9,462.7,503.1,129,5.9,4.9,6.9,2234,516.2,494.8,537.6,105,4.7,3.8,5.6,2295,555.6,532.9,578.3,66,2.9,2.2,3.6,2307,586.4,562.5,610.3,52,2.3,1.7,2.9,1814,485.4,463.1,507.7,44,2.4,1.7,3.1,1684,450.6,429.1,472.1,43,2.6,1.8,3.4,1794,480,464,496,37,2.1,1.4,2.7,1908,511,495,527,21,1.1,0.6,1.6,30798,244,1890,28249,6,409,4483,8295,4507,993,1085,412,27870,840,27152,1558,701,27152,1467,5,0,10,12,0,0,43,21,4.8,34.4,35.9,26.3,40.7,11317,89,43,12.00000000000,0.000389636,0.279069767,0.001396195,716.2325581
26,West Garfield Park,1454,467.8,443.8,491.8,509,35,32.5,37.5,1286,413.8,391.2,436.4,435,33.8,31.2,36.4,1294,431.9,408.4,455.4,330,25.5,23.1,27.9,1176,407.9,384.6,431.2,242,20.6,18.3,22.9,1135,409.6,385.8,433.4,187,16.5,14.3,18.7,954,358.9,336.1,381.7,122,12.8,10.7,14.9,1136,446.2,420.3,472.1,102,9,7.3,10.7,990,406.7,381.4,432,55,5.6,4.2,7,973,419.2,392.9,445.5,58,6,4.5,7.5,946,428.2,400.9,455.5,29,3.1,2,4.2,935,446.1,417.5,474.7,11,1.2,0.5,1.9,965,486.4,455.7,517.1,20,2.1,1.2,3,1024,516.1,484.5,547.7,14,1.4,0.7,2.1,1076,542,520,564,19,1.8,1,2.6,1063,536,514,558,6,0.6,0.1,1,17499,277,363,16713,33,113,2761,3652,2228,563,387,123,15489,137,15273,353,103,15273,289,0,0,0,0,0,5,50,9,9.4,41.7,25.8,24.5,43.6,10934,92,9,1.00000000000,5.71461E-05,0.111111111,0.000514315,1944.333333
65,West Lawn,536,154.6,141.5,167.7,13,2.4,1.1,3.7,729,210.2,194.9,225.5,13,1.8,0.8,2.8,909,257.9,241.1,274.7,30,3.3,2.1,4.5,1029,287.2,269.7,304.7,21,2,1.1,2.9,1209,332.1,313.4,350.8,13,1.1,0.5,1.7,1284,347.3,328.3,366.3,19,1.5,0.8,2.2,1707,454.6,433,476.2,15,0.9,0.5,1.3,1738,455.9,434.5,477.3,11,0.6,0.2,1,1888,488,466,510,11,0.6,0.3,0.9,1913,487.3,465.5,509.1,7,0.4,0.1,0.7,1928,483.9,462.3,505.5,11,0.6,0.3,0.9,1769,437.8,417.4,458.2,5,0.3,0,0,2054,508.3,486.3,530.3,5,0.2,0,0,1924,476,461,492,6,0.3,0.1,0.6,1958,485,469,500,8,0.4,0.1,0.7,33595,5008,27169,1154,193,71,6374,6934,3369,1154,1783,473,19578,11861,8201,23238,9546,8201,22377,400,8,47,134,0,6,266,0,5.8,14.9,9.6,33.6,39.6,16907,56,45,16.00000000000,0.000476261,0.355555556,0.001339485,746.5555556
53,West Pullman,1445,342.7,325,360.4,359,24.8,22.6,27,1469,348.4,330.6,366.2,282,19.2,17.2,21.2,1501,367.5,348.9,386.1,207,13.8,12.1,15.5,1498,379.1,359.9,398.3,181,12.1,10.4,13.8,1422,372.3,352.9,391.7,108,7.6,6.2,9,1410,382.4,362.4,402.4,104,7.4,6,8.8,1376,387.1,366.6,407.6,76,5.5,4.3,6.7,1293,377.8,357.2,398.4,54,4.2,3.1,5.3,1388,421.9,399.7,444.1,41,3,2.1,3.9,1339,424,401.3,446.7,32,2.4,1.6,3.2,1348,445.6,421.8,469.4,21,1.6,0.9,2.3,1174,405.8,382.6,429,26,2.2,1.4,3,1149,397.2,374.2,420.2,13,1.1,0.5,1.7,1106,382,365,400,8,0.7,0.2,1.2,1062,367,350,385,13,1.2,0.6,1.9,27582,281,1488,25530,70,213,2888,5438,5260,1139,1779,942,25010,927,24048,1889,901,24048,1654,61,0,11,0,0,0,83,80,3.3,25.9,19.4,20.5,42.1,16563,62,50,28.00000000000,0.001015155,0.56,0.001812776,551.64
2,West Ridge,1624,217.1,206.5,227.7,98,6,4.8,7.2,1849,247.2,235.9,258.5,91,4.9,3.9,5.9,2056,273.4,261.6,285.2,105,5.1,4.1,6.1,1932,255.5,244.1,266.9,96,5,4,6,2273,299,286.7,311.3,62,2.7,2,3.4,1772,231.8,221,242.6,54,3,2.2,3.8,2287,297.6,285.4,309.8,42,1.8,1.2,2.4,1970,255,243.7,266.3,36,1.8,1.2,2.4,2209,284.5,272.6,296.4,32,1.4,0.9,1.9,2501,320.4,307.8,333,18,0.7,0.4,1,2649,337.6,324.7,350.5,24,0.9,0.5,1.3,2423,307.2,295,319.4,28,1.2,0.8,1.6,2614,331.4,318.7,344.1,25,1,0.6,1.4,2419,307,296,317,25,1,0.6,1.4,2435,309,299,319,27,1.1,0.7,1.5,73723,31806,13366,8936,16641,2974,8301,11028,7567,2830,12247,7161,36995,31195,28992,39198,17715,28992,10025,3327,1042,1843,2562,505,3167,11546,5181,7.8,17.2,8.8,20.8,38.5,23040,46,202,67.00000000000,0.000908807,0.331683168,0.002739986,364.9653465
24,West Town,3061,377.9,364.5,391.3,411,13.4,12.2,14.6,2542,313.9,301.7,326.1,267,10.5,9.3,11.7,2585,325.2,312.7,337.7,187,7.2,6.2,8.2,2284,292.8,280.8,304.8,122,5.3,4.4,6.2,2244,293.3,281.2,305.4,80,3.6,2.8,4.4,1934,257.9,246.4,269.4,60,3.1,2.3,3.9,1966,267.4,255.6,279.2,36,1.8,1.2,2.4,1783,247.6,236.1,259.1,29,1.6,1,2.2,1582,224.4,213.3,235.5,18,1.1,0.6,1.6,1421,205.9,195.2,216.6,14,1,0.5,1.5,1722,255,243,267,15,0.9,0.5,1.3,1817,275.2,262.5,287.9,11,0.6,0.2,1,2090,316.6,303,330.2,10,0.5,0.2,0.8,1736,263,252,274,6,0.3,0.1,0.6,1698,257,247,268,10,0.6,0.2,1,85307,50366,22561,6565,3464,2351,6703,7162,7563,2196,26155,15100,65946,13361,56316,22991,10183,56316,15563,3801,352,465,106,212,317,1969,206,2.3,14.7,6.6,12.9,21.7,43198,10,406,43.00000000000,0.000504062,0.10591133,0.004759281,210.1157635
42,Woodlawn,1216,367.3,346.7,387.9,293,24.1,21.7,26.5,1086,328,308.5,347.5,272,25,22.4,27.6,1219,379.4,358.1,400.7,221,18.1,15.9,20.3,1246,399.9,377.7,422.1,171,13.7,11.8,15.6,1346,446,422.2,469.8,130,9.7,8.1,11.3,1246,426.7,403,450.4,104,8.3,6.8,9.8,1256,444.9,420.3,469.5,56,4.5,3.4,5.6,1119,410.6,386.5,434.7,21,1.9,1.1,2.7,1124,427.9,402.9,452.9,26,2.3,1.4,3.2,1112,439.7,413.9,465.5,18,1.6,0.9,2.3,1084,445.7,419.2,472.2,8,0.7,0.2,1.2,1003,429.7,403.1,456.3,11,1.1,0.5,1.7,1037,444.3,417.3,471.3,17,1.6,0.8,2.4,1056,452,432,473,21,2,1.1,2.8,1059,454,434,474,21,2,1.1,2.8,23808,1921,696,20029,663,499,2030,3099,3954,1182,1779,1608,20590,1290,20055,1825,443,20055,564,42,300,75,22,61,45,446,271,2.9,30.7,23.4,16.5,36.1,18672,58,21,3.00000000000,0.000126008,0.142857143,0.000882056,1133.714286
