CountyNum,CountyName,PercLTPov,PopLT6,TotTest16,Less5,Five2Nine,Over10,Over5,Poulation,SaleBW06,SaleBW07,SaleBW08,SaleBW09,SaleBW10,SaleBW11,SaleBW12,SaleBW13,SaleBW14,SaleBW15,SaleBW16,SaleBW17,CumSaleBW,NSaleBW06,NSaleBW07,NSaleBW08,NSaleBW09,NSaleBW10,NSaleBW11,NSaleBW12,NSaleBW13,NSaleBW14,NSaleBW15,NSaleBW16,NSaleBW17,CumNSaleBW,VolBW06,VolBW07,VolBW08,VolBW09,VolBW10,VolBW11,VolBW12,VolBW13,VolBW14,VolBW15,VolBW16,VolBW17,CumVolBW,NVol06,NVol07,NVol08,NVol09,NVol10,NVol11,NVol12,NVol13,NVol14,NVol15,NVol16,NVol17,CumNVol
17085,Jo Daviess,7.60000000000,"1,460",220,96,2.70000000000,1.80000000000,4.50000000000,21594,2590.00000000000,2870.00000000000,2420.00000000000,22400.00000000000,6760.00000000000,51600.00000000000,51000.00000000000,51800.00000000000,52900.00000000000,60600.00000000000,65900.00000000000,63100.00000000000,434000.00000000000,0.12000000000,0.13300000000,0.11200000000,1.04000000000,0.31300000000,2.39000000000,2.36000000000,2.40000000000,2.45000000000,2.81000000000,3.05000000000,2.92000000000,1.67000000000,115000.00000000000,136000.00000000000,146000.00000000000,1860000.00000000000,739000.00000000000,4300000.00000000000,4210000.00000000000,5060000.00000000000,5690000.00000000000,6990000.00000000000,8010000.00000000000,8190000.00000000000,45400000.00000000000,5.32000000000,6.29000000000,6.78000000000,86.30000000000,34.20000000000,199.00000000000,195.00000000000,234.00000000000,264.00000000000,324.00000000000,371.00000000000,379.00000000000,175.00000000000
17161,Rock Island,14.60000000000,"12,901","2,949",92,6.20000000000,1.90000000000,8.10000000000,144808,1080000.00000000000,1200000.00000000000,1130000.00000000000,1140000.00000000000,740000.00000000000,1240000.00000000000,1350000.00000000000,1420000.00000000000,1440000.00000000000,1850000.00000000000,1970000.00000000000,1950000.00000000000,16500000.00000000000,7.48000000000,8.32000000000,7.80000000000,7.89000000000,5.11000000000,8.58000000000,9.32000000000,9.79000000000,9.94000000000,12.80000000000,13.60000000000,13.50000000000,9.51000000000,91800000.00000000000,103000000.00000000000,103000000.00000000000,107000000.00000000000,93600000.00000000000,122000000.00000000000,132000000.00000000000,137000000.00000000000,146000000.00000000000,196000000.00000000000,215000000.00000000000,220000000.00000000000,1670000000.00000000000,634.00000000000,713.00000000000,714.00000000000,742.00000000000,647.00000000000,841.00000000000,912.00000000000,949.00000000000,1010.00000000000,1350.00000000000,1480.00000000000,1520.00000000000,959.00000000000
17197,Will,7.40000000000,"58,874","9,873",97,2.20000000000,0.40000000000,2.60000000000,692661,7540000.00000000000,8600000.00000000000,7580000.00000000000,7220000.00000000000,2160000.00000000000,6980000.00000000000,7080000.00000000000,6910000.00000000000,6610000.00000000000,6920000.00000000000,7470000.00000000000,6610000.00000000000,81700000.00000000000,10.90000000000,12.40000000000,10.90000000000,10.40000000000,3.11000000000,10.10000000000,10.20000000000,9.97000000000,9.55000000000,9.99000000000,10.80000000000,9.55000000000,9.82000000000,685000000.00000000000,818000000.00000000000,745000000.00000000000,737000000.00000000000,274000000.00000000000,721000000.00000000000,732000000.00000000000,769000000.00000000000,730000000.00000000000,743000000.00000000000,804000000.00000000000,684000000.00000000000,8440000000.00000000000,989.00000000000,1180.00000000000,1080.00000000000,1060.00000000000,395.00000000000,1040.00000000000,1060.00000000000,1110.00000000000,1050.00000000000,1070.00000000000,1160.00000000000,987.00000000000,1020.00000000000
17093,Kendall,5.60000000000,"12,948",786,98,1.40000000000,0.30000000000,1.70000000000,126218,566000.00000000000,538000.00000000000,457000.00000000000,462000.00000000000,173000.00000000000,503000.00000000000,559000.00000000000,578000.00000000000,488000.00000000000,1080000.00000000000,1190000.00000000000,1180000.00000000000,7770000.00000000000,4.48000000000,4.27000000000,3.62000000000,3.66000000000,1.37000000000,3.99000000000,4.43000000000,4.58000000000,3.86000000000,8.57000000000,9.43000000000,9.35000000000,5.13000000000,47100000.00000000000,43100000.00000000000,36700000.00000000000,39400000.00000000000,20400000.00000000000,47700000.00000000000,53400000.00000000000,57700000.00000000000,46100000.00000000000,112000000.00000000000,126000000.00000000000,127000000.00000000000,757000000.00000000000,373.00000000000,341.00000000000,291.00000000000,312.00000000000,161.00000000000,378.00000000000,423.00000000000,458.00000000000,365.00000000000,884.00000000000,997.00000000000,1000.00000000000,499.00000000000
17099,LaSalle,13.60000000000,"8,456","1,544",94,4.80000000000,1.60000000000,6.40000000000,110067,906000.00000000000,931000.00000000000,866000.00000000000,826000.00000000000,446000.00000000000,924000.00000000000,970000.00000000000,987000.00000000000,1020000.00000000000,1130000.00000000000,1230000.00000000000,630000.00000000000,10900000.00000000000,8.23000000000,8.46000000000,7.86000000000,7.50000000000,4.06000000000,8.40000000000,8.81000000000,8.96000000000,9.23000000000,10.30000000000,11.20000000000,5.73000000000,8.23000000000,85300000.00000000000,88900000.00000000000,87200000.00000000000,88300000.00000000000,59200000.00000000000,104000000.00000000000,108000000.00000000000,111000000.00000000000,114000000.00000000000,127000000.00000000000,138000000.00000000000,60700000.00000000000,1170000000.00000000000,775.00000000000,808.00000000000,792.00000000000,802.00000000000,538.00000000000,941.00000000000,985.00000000000,1000.00000000000,1040.00000000000,1150.00000000000,1250.00000000000,552.00000000000,886.00000000000
17011,Bureau,12.60000000000,"2,605",394,92,5.80000000000,2.30000000000,8.10000000000,33243,0.00000000000,0.00000000000,0.00000000000,0.00000000000,0.00000000000,0.00000000000,0.00000000000,0.00000000000,0.00000000000,0.00000000000,0.00000000000,0.00000000000,0.00000000000,0.00000000000,0.00000000000,0.00000000000,0.00000000000,0.00000000000,0.00000000000,0.00000000000,0.00000000000,0.00000000000,0.00000000000,0.00000000000,0.00000000000,0.00000000000,0.00000000000,0.00000000000,0.00000000000,0.00000000000,0.00000000000,0.00000000000,0.00000000000,0.00000000000,0.00000000000,0.00000000000,0.00000000000,0.00000000000,0.00000000000,0.00000000000,0.00000000000,0.00000000000,0.00000000000,0.00000000000,0.00000000000,0.00000000000,0.00000000000,0.00000000000,0.00000000000,0.00000000000,0.00000000000,0.00000000000
17073,Henry,12.50000000000,"3,890",762,93,6.00000000000,1.30000000000,7.30000000000,49328,23400.00000000000,22100.00000000000,22300.00000000000,29100.00000000000,20600.00000000000,66900.00000000000,79500.00000000000,91900.00000000000,88000.00000000000,91600.00000000000,95400.00000000000,85600.00000000000,716000.00000000000,0.47400000000,0.44900000000,0.45300000000,0.58900000000,0.41800000000,1.36000000000,1.61000000000,1.86000000000,1.78000000000,1.86000000000,1.93000000000,1.74000000000,1.21000000000,2090000.00000000000,2000000.00000000000,1910000.00000000000,2600000.00000000000,2340000.00000000000,4160000.00000000000,4940000.00000000000,6760000.00000000000,4870000.00000000000,4580000.00000000000,4820000.00000000000,4040000.00000000000,45100000.00000000000,42.40000000000,40.50000000000,38.70000000000,52.80000000000,47.40000000000,84.40000000000,100.00000000000,137.00000000000,98.70000000000,92.80000000000,97.70000000000,82.00000000000,76.20000000000
17063,Grundy,9.40000000000,"4,529",513,96,3.30000000000,0.40000000000,3.70000000000,50586,19400.00000000000,22100.00000000000,79400.00000000000,78800.00000000000,12700.00000000000,94300.00000000000,90200.00000000000,91800.00000000000,94300.00000000000,760000.00000000000,842000.00000000000,854000.00000000000,3040000.00000000000,0.38400000000,0.43600000000,1.57000000000,1.56000000000,0.25100000000,1.86000000000,1.78000000000,1.82000000000,1.86000000000,15.00000000000,16.70000000000,16.90000000000,5.01000000000,1150000.00000000000,1330000.00000000000,3740000.00000000000,3910000.00000000000,1380000.00000000000,4400000.00000000000,4240000.00000000000,4930000.00000000000,4070000.00000000000,75300000.00000000000,87600000.00000000000,87200000.00000000000,279000000.00000000000,22.80000000000,26.30000000000,73.90000000000,77.20000000000,27.30000000000,87.00000000000,83.90000000000,97.50000000000,80.50000000000,1490.00000000000,1730.00000000000,1720.00000000000,460.00000000000
17131,Mercer,11.40000000000,"1,158",230,91,6.50000000000,2.20000000000,8.70000000000,15618,0.00000000000,0.00000000000,0.00000000000,0.00000000000,0.00000000000,0.00000000000,0.00000000000,0.00000000000,0.00000000000,0.00000000000,0.00000000000,0.00000000000,0.00000000000,0.00000000000,0.00000000000,0.00000000000,0.00000000000,0.00000000000,0.00000000000,0.00000000000,0.00000000000,0.00000000000,0.00000000000,0.00000000000,0.00000000000,0.00000000000,0.00000000000,0.00000000000,0.00000000000,0.00000000000,0.00000000000,0.00000000000,0.00000000000,0.00000000000,0.00000000000,0.00000000000,0.00000000000,0.00000000000,0.00000000000,0.00000000000,0.00000000000,0.00000000000,0.00000000000,0.00000000000,0.00000000000,0.00000000000,0.00000000000,0.00000000000,0.00000000000,0.00000000000,0.00000000000,0.00000000000
17155,Putnam,8.90000000000,347,68,100,0.00000000000,0.00000000000,0.00000000000,5727,0.00000000000,0.00000000000,0.00000000000,0.00000000000,0.00000000000,0.00000000000,0.00000000000,0.00000000000,0.00000000000,0.00000000000,0.00000000000,0.00000000000,0.00000000000,0.00000000000,0.00000000000,0.00000000000,0.00000000000,0.00000000000,0.00000000000,0.00000000000,0.00000000000,0.00000000000,0.00000000000,0.00000000000,0.00000000000,0.00000000000,0.00000000000,0.00000000000,0.00000000000,0.00000000000,0.00000000000,0.00000000000,0.00000000000,0.00000000000,0.00000000000,0.00000000000,0.00000000000,0.00000000000,0.00000000000,0.00000000000,0.00000000000,0.00000000000,0.00000000000,0.00000000000,0.00000000000,0.00000000000,0.00000000000,0.00000000000,0.00000000000,0.00000000000,0.00000000000,0.00000000000
17091,Kankakee,15.10000000000,"9,429","2,198",95,3.70000000000,0.90000000000,4.60000000000,109605,549000.00000000000,997000.00000000000,1060000.00000000000,968000.00000000000,222000.00000000000,1050000.00000000000,1070000.00000000000,1090000.00000000000,1050000.00000000000,1380000.00000000000,1430000.00000000000,716000.00000000000,11600000.00000000000,5.01000000000,9.10000000000,9.66000000000,8.83000000000,2.02000000000,9.56000000000,9.75000000000,9.93000000000,9.58000000000,12.60000000000,13.10000000000,6.53000000000,8.81000000000,49100000.00000000000,97400000.00000000000,107000000.00000000000,103000000.00000000000,28000000.00000000000,115000000.00000000000,120000000.00000000000,126000000.00000000000,127000000.00000000000,169000000.00000000000,175000000.00000000000,79600000.00000000000,1300000000.00000000000,448.00000000000,889.00000000000,976.00000000000,943.00000000000,256.00000000000,1050.00000000000,1100.00000000000,1150.00000000000,1160.00000000000,1540.00000000000,1600.00000000000,726.00000000000,987.00000000000
17175,Stark,14.00000000000,416,129,88,8.50000000000,3.90000000000,12.40000000000,5434,0.00000000000,0.00000000000,0.00000000000,0.00000000000,0.00000000000,0.00000000000,0.00000000000,0.00000000000,0.00000000000,0.00000000000,0.00000000000,0.00000000000,0.00000000000,0.00000000000,0.00000000000,0.00000000000,0.00000000000,0.00000000000,0.00000000000,0.00000000000,0.00000000000,0.00000000000,0.00000000000,0.00000000000,0.00000000000,0.00000000000,0.00000000000,0.00000000000,0.00000000000,0.00000000000,0.00000000000,0.00000000000,0.00000000000,0.00000000000,0.00000000000,0.00000000000,0.00000000000,0.00000000000,0.00000000000,0.00000000000,0.00000000000,0.00000000000,0.00000000000,0.00000000000,0.00000000000,0.00000000000,0.00000000000,0.00000000000,0.00000000000,0.00000000000,0.00000000000,0.00000000000
17095,Knox,18.10000000000,"3,642",846,90,7.40000000000,3.10000000000,10.50000000000,50638,397000.00000000000,469000.00000000000,430000.00000000000,383000.00000000000,255000.00000000000,405000.00000000000,427000.00000000000,430000.00000000000,435000.00000000000,470000.00000000000,511000.00000000000,500000.00000000000,5110000.00000000000,7.84000000000,9.27000000000,8.48000000000,7.57000000000,5.03000000000,8.00000000000,8.43000000000,8.48000000000,8.60000000000,9.29000000000,10.10000000000,9.88000000000,8.41000000000,35300000.00000000000,42300000.00000000000,41200000.00000000000,38300000.00000000000,34500000.00000000000,44000000.00000000000,45300000.00000000000,43500000.00000000000,46100000.00000000000,49500000.00000000000,54400000.00000000000,57200000.00000000000,532000000.00000000000,697.00000000000,836.00000000000,813.00000000000,757.00000000000,682.00000000000,869.00000000000,894.00000000000,860.00000000000,910.00000000000,977.00000000000,1070.00000000000,1130.00000000000,875.00000000000
17123,Marshall,10.30000000000,883,240,92,6.70000000000,1.70000000000,8.40000000000,11730,0.00000000000,0.00000000000,0.00000000000,0.00000000000,0.00000000000,0.00000000000,0.00000000000,0.00000000000,0.00000000000,7010.00000000000,10900.00000000000,10900.00000000000,28800.00000000000,0.00000000000,0.00000000000,0.00000000000,0.00000000000,0.00000000000,0.00000000000,0.00000000000,0.00000000000,0.00000000000,0.59700000000,0.92900000000,0.93300000000,0.20500000000,0.00000000000,0.00000000000,0.00000000000,0.00000000000,0.00000000000,0.00000000000,0.00000000000,0.00000000000,0.00000000000,634000.00000000000,1040000.00000000000,1050000.00000000000,2720000.00000000000,0.00000000000,0.00000000000,0.00000000000,0.00000000000,0.00000000000,0.00000000000,0.00000000000,0.00000000000,0.00000000000,54.00000000000,88.30000000000,89.40000000000,19.30000000000
17105,Livingston,13.30000000000,"2,780",526,95,4.60000000000,0.60000000000,5.20000000000,36518,54200.00000000000,51900.00000000000,43000.00000000000,42000.00000000000,24600.00000000000,60700.00000000000,45000.00000000000,27900.00000000000,26200.00000000000,30600.00000000000,30300.00000000000,30900.00000000000,467000.00000000000,1.48000000000,1.42000000000,1.18000000000,1.15000000000,0.67300000000,1.66000000000,1.23000000000,0.76500000000,0.71700000000,0.83700000000,0.82900000000,0.84600000000,1.07000000000,4820000.00000000000,4510000.00000000000,3590000.00000000000,3740000.00000000000,2920000.00000000000,5720000.00000000000,4790000.00000000000,2970000.00000000000,2260000.00000000000,2640000.00000000000,2530000.00000000000,2490000.00000000000,43000000.00000000000,132.00000000000,124.00000000000,98.40000000000,102.00000000000,80.10000000000,157.00000000000,131.00000000000,81.30000000000,61.80000000000,72.20000000000,69.40000000000,68.30000000000,98.10000000000
17071,Henderson,11.30000000000,479,68,91,8.80000000000,0.00000000000,8.80000000000,6795,0.00000000000,0.00000000000,0.00000000000,0.00000000000,0.00000000000,0.00000000000,0.00000000000,0.00000000000,0.00000000000,0.00000000000,0.00000000000,0.00000000000,0.00000000000,0.00000000000,0.00000000000,0.00000000000,0.00000000000,0.00000000000,0.00000000000,0.00000000000,0.00000000000,0.00000000000,0.00000000000,0.00000000000,0.00000000000,0.00000000000,0.00000000000,0.00000000000,0.00000000000,0.00000000000,0.00000000000,0.00000000000,0.00000000000,0.00000000000,0.00000000000,0.00000000000,0.00000000000,0.00000000000,0.00000000000,0.00000000000,0.00000000000,0.00000000000,0.00000000000,0.00000000000,0.00000000000,0.00000000000,0.00000000000,0.00000000000,0.00000000000,0.00000000000,0.00000000000,0.00000000000
17187,Warren,13.80000000000,"1,566",350,92,4.90000000000,2.90000000000,7.80000000000,17167,27900.00000000000,66700.00000000000,47600.00000000000,22300.00000000000,12900.00000000000,31100.00000000000,36300.00000000000,38000.00000000000,37100.00000000000,40000.00000000000,41900.00000000000,40600.00000000000,442000.00000000000,1.63000000000,3.88000000000,2.77000000000,1.30000000000,0.75000000000,1.81000000000,2.11000000000,2.21000000000,2.16000000000,2.33000000000,2.44000000000,2.37000000000,2.15000000000,2120000.00000000000,5780000.00000000000,3860000.00000000000,1850000.00000000000,1420000.00000000000,2480000.00000000000,2960000.00000000000,3590000.00000000000,3230000.00000000000,3350000.00000000000,3590000.00000000000,3600000.00000000000,37800000.00000000000,123.00000000000,337.00000000000,225.00000000000,108.00000000000,82.90000000000,145.00000000000,173.00000000000,209.00000000000,188.00000000000,195.00000000000,209.00000000000,210.00000000000,184.00000000000
17075,Iroquois,15.50000000000,"2,191",313,94,3.80000000000,2.60000000000,6.40000000000,27876,0.00000000000,0.00000000000,0.00000000000,0.00000000000,0.00000000000,798.00000000000,47100.00000000000,51100.00000000000,54300.00000000000,63200.00000000000,66600.00000000000,80900.00000000000,364000.00000000000,0.00000000000,0.00000000000,0.00000000000,0.00000000000,0.00000000000,0.02860000000,1.69000000000,1.83000000000,1.95000000000,2.27000000000,2.39000000000,2.90000000000,1.09000000000,0.00000000000,0.00000000000,0.00000000000,0.00000000000,0.00000000000,19800.00000000000,1320000.00000000000,1370000.00000000000,1440000.00000000000,1620000.00000000000,1820000.00000000000,3340000.00000000000,10900000.00000000000,0.00000000000,0.00000000000,0.00000000000,0.00000000000,0.00000000000,0.71000000000,47.50000000000,49.00000000000,51.70000000000,58.20000000000,65.30000000000,120.00000000000,32.70000000000
17053,Ford,15.70000000000,"1,105",154,88,9.70000000000,1.90000000000,11.60000000000,13280,2440.00000000000,6510.00000000000,4900.00000000000,5010.00000000000,0.00000000000,8200.00000000000,7040.00000000000,7890.00000000000,6180.00000000000,0.00000000000,0.00000000000,0.00000000000,48200.00000000000,0.18400000000,0.49000000000,0.36900000000,0.37700000000,0.00000000000,0.61700000000,0.53000000000,0.59400000000,0.46600000000,0.00000000000,0.00000000000,0.00000000000,0.30200000000,184000.00000000000,584000.00000000000,439000.00000000000,414000.00000000000,0.00000000000,818000.00000000000,599000.00000000000,714000.00000000000,557000.00000000000,0.00000000000,0.00000000000,0.00000000000,4310000.00000000000,13.80000000000,43.90000000000,33.10000000000,31.10000000000,0.00000000000,61.60000000000,45.10000000000,53.80000000000,41.90000000000,0.00000000000,0.00000000000,0.00000000000,27.00000000000
17143,Peoria,15.90000000000,"18,122","2,124",90,8.30000000000,2.20000000000,10.50000000000,183011,1550000.00000000000,1670000.00000000000,1630000.00000000000,1650000.00000000000,720000.00000000000,1800000.00000000000,1940000.00000000000,2000000.00000000000,2100000.00000000000,2250000.00000000000,2540000.00000000000,836000.00000000000,20700000.00000000000,8.48000000000,9.15000000000,8.90000000000,9.04000000000,3.94000000000,9.83000000000,10.60000000000,10.90000000000,11.50000000000,12.30000000000,13.90000000000,4.57000000000,9.43000000000,157000000.00000000000,171000000.00000000000,169000000.00000000000,182000000.00000000000,93900000.00000000000,212000000.00000000000,231000000.00000000000,237000000.00000000000,248000000.00000000000,267000000.00000000000,307000000.00000000000,77800000.00000000000,2350000000.00000000000,857.00000000000,936.00000000000,922.00000000000,996.00000000000,513.00000000000,1160.00000000000,1260.00000000000,1300.00000000000,1350.00000000000,1460.00000000000,1680.00000000000,425.00000000000,1070.00000000000
17203,Woodford,7.40000000000,"3,497",451,97,1.60000000000,1.60000000000,3.20000000000,38726,0.00000000000,0.00000000000,0.00000000000,0.00000000000,0.00000000000,0.00000000000,0.00000000000,0.00000000000,0.00000000000,0.00000000000,0.00000000000,0.00000000000,0.00000000000,0.00000000000,0.00000000000,0.00000000000,0.00000000000,0.00000000000,0.00000000000,0.00000000000,0.00000000000,0.00000000000,0.00000000000,0.00000000000,0.00000000000,0.00000000000,0.00000000000,0.00000000000,0.00000000000,0.00000000000,0.00000000000,0.00000000000,0.00000000000,0.00000000000,0.00000000000,0.00000000000,0.00000000000,0.00000000000,0.00000000000,0.00000000000,0.00000000000,0.00000000000,0.00000000000,0.00000000000,0.00000000000,0.00000000000,0.00000000000,0.00000000000,0.00000000000,0.00000000000,0.00000000000,0.00000000000
17113,McLean,14.50000000000,"14,521","3,032",96,3.10000000000,0.70000000000,3.80000000000,172290,533000.00000000000,563000.00000000000,553000.00000000000,529000.00000000000,204000.00000000000,542000.00000000000,589000.00000000000,636000.00000000000,671000.00000000000,1160000.00000000000,1380000.00000000000,936000.00000000000,8300000.00000000000,3.09000000000,3.27000000000,3.21000000000,3.07000000000,1.18000000000,3.15000000000,3.42000000000,3.69000000000,3.89000000000,6.76000000000,8.01000000000,5.43000000000,4.01000000000,44300000.00000000000,47400000.00000000000,44500000.00000000000,45300000.00000000000,23900000.00000000000,49000000.00000000000,55700000.00000000000,61400000.00000000000,64600000.00000000000,117000000.00000000000,144000000.00000000000,90500000.00000000000,788000000.00000000000,257.00000000000,275.00000000000,258.00000000000,263.00000000000,139.00000000000,284.00000000000,324.00000000000,356.00000000000,375.00000000000,677.00000000000,835.00000000000,525.00000000000,381.00000000000
17179,Tazewell,8.00000000000,"11,421","1,437",97,2.40000000000,0.80000000000,3.20000000000,133526,662000.00000000000,715000.00000000000,677000.00000000000,671000.00000000000,289000.00000000000,766000.00000000000,841000.00000000000,940000.00000000000,994000.00000000000,1100000.00000000000,1160000.00000000000,173000.00000000000,8990000.00000000000,4.96000000000,5.35000000000,5.07000000000,5.02000000000,2.16000000000,5.74000000000,6.30000000000,7.04000000000,7.45000000000,8.26000000000,8.70000000000,1.30000000000,5.61000000000,65600000.00000000000,71700000.00000000000,69600000.00000000000,74000000.00000000000,36900000.00000000000,89100000.00000000000,102000000.00000000000,111000000.00000000000,116000000.00000000000,127000000.00000000000,141000000.00000000000,12600000.00000000000,1020000000.00000000000,492.00000000000,537.00000000000,521.00000000000,554.00000000000,276.00000000000,667.00000000000,763.00000000000,834.00000000000,869.00000000000,954.00000000000,1050.00000000000,94.50000000000,634.00000000000
17057,Fulton,15.50000000000,"2,447",406,91,6.40000000000,2.20000000000,8.60000000000,35110,201000.00000000000,230000.00000000000,221000.00000000000,214000.00000000000,110000.00000000000,233000.00000000000,237000.00000000000,250000.00000000000,258000.00000000000,272000.00000000000,276000.00000000000,142000.00000000000,2640000.00000000000,5.73000000000,6.55000000000,6.29000000000,6.08000000000,3.12000000000,6.64000000000,6.75000000000,7.12000000000,7.36000000000,7.75000000000,7.86000000000,4.03000000000,6.27000000000,19900000.00000000000,22900000.00000000000,22300000.00000000000,21400000.00000000000,14400000.00000000000,26400000.00000000000,27100000.00000000000,29000000.00000000000,30300000.00000000000,31800000.00000000000,33700000.00000000000,15200000.00000000000,294000000.00000000000,566.00000000000,651.00000000000,634.00000000000,611.00000000000,410.00000000000,753.00000000000,772.00000000000,826.00000000000,862.00000000000,907.00000000000,961.00000000000,434.00000000000,699.00000000000
17067,Hancock,11.20000000000,"1,380",239,93,5.00000000000,1.70000000000,6.70000000000,18020,0.00000000000,0.00000000000,0.00000000000,0.00000000000,0.00000000000,0.00000000000,0.00000000000,0.00000000000,0.00000000000,0.00000000000,0.00000000000,0.00000000000,0.00000000000,0.00000000000,0.00000000000,0.00000000000,0.00000000000,0.00000000000,0.00000000000,0.00000000000,0.00000000000,0.00000000000,0.00000000000,0.00000000000,0.00000000000,0.00000000000,0.00000000000,0.00000000000,0.00000000000,0.00000000000,0.00000000000,0.00000000000,0.00000000000,0.00000000000,0.00000000000,0.00000000000,0.00000000000,0.00000000000,0.00000000000,0.00000000000,0.00000000000,0.00000000000,0.00000000000,0.00000000000,0.00000000000,0.00000000000,0.00000000000,0.00000000000,0.00000000000,0.00000000000,0.00000000000,0.00000000000
17109,McDonough,22.30000000000,"2,066",401,92,5.00000000000,3.00000000000,8.00000000000,30823,132000.00000000000,149000.00000000000,142000.00000000000,131000.00000000000,78300.00000000000,142000.00000000000,145000.00000000000,169000.00000000000,167000.00000000000,178000.00000000000,186000.00000000000,162000.00000000000,1780000.00000000000,4.29000000000,4.84000000000,4.60000000000,4.24000000000,2.54000000000,4.60000000000,4.69000000000,5.49000000000,5.43000000000,5.76000000000,6.04000000000,5.26000000000,4.82000000000,10300000.00000000000,11600000.00000000000,12600000.00000000000,12600000.00000000000,10600000.00000000000,14300000.00000000000,13500000.00000000000,16300000.00000000000,16400000.00000000000,18500000.00000000000,20200000.00000000000,18400000.00000000000,175000000.00000000000,333.00000000000,377.00000000000,408.00000000000,407.00000000000,345.00000000000,466.00000000000,437.00000000000,530.00000000000,531.00000000000,599.00000000000,655.00000000000,596.00000000000,474.00000000000
17183,Vermilion,19.80000000000,"7,467","1,501",97,2.40000000000,0.50000000000,2.90000000000,77909,78000.00000000000,93000.00000000000,102000.00000000000,105000.00000000000,40700.00000000000,116000.00000000000,119000.00000000000,129000.00000000000,166000.00000000000,162000.00000000000,157000.00000000000,137000.00000000000,1400000.00000000000,1.00000000000,1.19000000000,1.31000000000,1.35000000000,0.52300000000,1.49000000000,1.52000000000,1.66000000000,2.12000000000,2.08000000000,2.01000000000,1.76000000000,1.50000000000,6230000.00000000000,7470000.00000000000,8640000.00000000000,9730000.00000000000,4970000.00000000000,10800000.00000000000,11500000.00000000000,12600000.00000000000,12100000.00000000000,11600000.00000000000,10200000.00000000000,8100000.00000000000,114000000.00000000000,79.90000000000,95.90000000000,111.00000000000,125.00000000000,63.80000000000,139.00000000000,147.00000000000,162.00000000000,156.00000000000,149.00000000000,131.00000000000,104.00000000000,122.00000000000
17125,Mason,13.90000000000,996,231,88,8.70000000000,3.00000000000,11.70000000000,13715,7430.00000000000,13700.00000000000,11800.00000000000,9990.00000000000,1160.00000000000,9150.00000000000,5050.00000000000,5150.00000000000,6130.00000000000,0.00000000000,0.00000000000,0.00000000000,69600.00000000000,0.54200000000,0.99500000000,0.86000000000,0.72900000000,0.08460000000,0.66700000000,0.36800000000,0.37500000000,0.44700000000,0.00000000000,0.00000000000,0.00000000000,0.42200000000,601000.00000000000,1110000.00000000000,976000.00000000000,811000.00000000000,125000.00000000000,847000.00000000000,419000.00000000000,440000.00000000000,539000.00000000000,0.00000000000,0.00000000000,0.00000000000,5870000.00000000000,43.80000000000,81.30000000000,71.20000000000,59.10000000000,9.09000000000,61.70000000000,30.60000000000,32.10000000000,39.30000000000,0.00000000000,0.00000000000,0.00000000000,35.70000000000
17019,Champaign,21.40000000000,"15,925","2,005",99,1.20000000000,0.20000000000,1.40000000000,209399,224000.00000000000,278000.00000000000,283000.00000000000,261000.00000000000,99500.00000000000,309000.00000000000,334000.00000000000,350000.00000000000,359000.00000000000,379000.00000000000,396000.00000000000,378000.00000000000,3650000.00000000000,1.07000000000,1.33000000000,1.35000000000,1.25000000000,0.47500000000,1.48000000000,1.59000000000,1.67000000000,1.71000000000,1.81000000000,1.89000000000,1.81000000000,1.45000000000,13300000.00000000000,16500000.00000000000,16900000.00000000000,16600000.00000000000,9660000.00000000000,20000000.00000000000,22200000.00000000000,26400000.00000000000,24600000.00000000000,24000000.00000000000,25100000.00000000000,24400000.00000000000,240000000.00000000000,63.40000000000,78.80000000000,80.90000000000,79.10000000000,46.10000000000,95.70000000000,106.00000000000,126.00000000000,118.00000000000,115.00000000000,120.00000000000,116.00000000000,95.40000000000
17107,Logan,9.20000000000,"2,034",372,95,4.00000000000,1.10000000000,5.10000000000,29245,103000.00000000000,90400.00000000000,71600.00000000000,71900.00000000000,29700.00000000000,70500.00000000000,74700.00000000000,82500.00000000000,84300.00000000000,87300.00000000000,85900.00000000000,14100.00000000000,866000.00000000000,3.52000000000,3.09000000000,2.45000000000,2.46000000000,1.02000000000,2.41000000000,2.56000000000,2.82000000000,2.88000000000,2.98000000000,2.94000000000,0.48300000000,2.47000000000,9870000.00000000000,8790000.00000000000,7070000.00000000000,7740000.00000000000,3730000.00000000000,8030000.00000000000,8900000.00000000000,9700000.00000000000,9500000.00000000000,9630000.00000000000,9640000.00000000000,951000.00000000000,93600000.00000000000,337.00000000000,301.00000000000,242.00000000000,265.00000000000,128.00000000000,275.00000000000,304.00000000000,332.00000000000,325.00000000000,329.00000000000,330.00000000000,32.50000000000,267.00000000000
17147,Piatt,5.40000000000,"1,255",151,95,5.30000000000,0.00000000000,5.30000000000,16445,7200.00000000000,8260.00000000000,6820.00000000000,6570.00000000000,2430.00000000000,9210.00000000000,5040.00000000000,4800.00000000000,4040.00000000000,3570.00000000000,3650.00000000000,4250.00000000000,65800.00000000000,0.43800000000,0.50200000000,0.41500000000,0.40000000000,0.14800000000,0.56000000000,0.30600000000,0.29200000000,0.24600000000,0.21700000000,0.22200000000,0.25900000000,0.33400000000,566000.00000000000,671000.00000000000,547000.00000000000,519000.00000000000,265000.00000000000,806000.00000000000,411000.00000000000,455000.00000000000,398000.00000000000,294000.00000000000,248000.00000000000,318000.00000000000,5500000.00000000000,34.40000000000,40.80000000000,33.30000000000,31.60000000000,16.10000000000,49.00000000000,25.00000000000,27.70000000000,24.20000000000,17.90000000000,15.10000000000,19.30000000000,27.90000000000
17039,De Witt,13.30000000000,"1,205",205,88,10.70000000000,1.50000000000,12.20000000000,15942,0.00000000000,1610.00000000000,12100.00000000000,14400.00000000000,9480.00000000000,16400.00000000000,15600.00000000000,18100.00000000000,16000.00000000000,16000.00000000000,16500.00000000000,16200.00000000000,152000.00000000000,0.00000000000,0.10100000000,0.75800000000,0.90500000000,0.59500000000,1.03000000000,0.97700000000,1.14000000000,1.00000000000,1.01000000000,1.04000000000,1.02000000000,0.79800000000,0.00000000000,114000.00000000000,904000.00000000000,1190000.00000000000,1160000.00000000000,1400000.00000000000,1410000.00000000000,2010000.00000000000,1520000.00000000000,1360000.00000000000,1380000.00000000000,1260000.00000000000,13700000.00000000000,0.00000000000,7.15000000000,56.70000000000,74.90000000000,72.70000000000,87.70000000000,88.50000000000,126.00000000000,95.60000000000,85.10000000000,86.30000000000,79.00000000000,71.60000000000
17169,Schuyler,21.50000000000,437,83,92,8.40000000000,0.00000000000,8.40000000000,7035,1910.00000000000,2360.00000000000,2070.00000000000,1920.00000000000,0.00000000000,2360.00000000000,3030.00000000000,3270.00000000000,3810.00000000000,4200.00000000000,9100.00000000000,9400.00000000000,43400.00000000000,0.27200000000,0.33600000000,0.29500000000,0.27200000000,0.00000000000,0.33500000000,0.43000000000,0.46500000000,0.54200000000,0.59800000000,1.29000000000,1.34000000000,0.51500000000,131000.00000000000,147000.00000000000,159000.00000000000,142000.00000000000,0.00000000000,205000.00000000000,246000.00000000000,244000.00000000000,328000.00000000000,367000.00000000000,841000.00000000000,927000.00000000000,3740000.00000000000,18.60000000000,21.00000000000,22.60000000000,20.20000000000,0.00000000000,29.20000000000,35.00000000000,34.60000000000,46.60000000000,52.20000000000,119.00000000000,132.00000000000,44.30000000000
17001,Adams,13.10000000000,"5,960","1,513",89,8.50000000000,2.40000000000,10.90000000000,66234,364000.00000000000,417000.00000000000,369000.00000000000,336000.00000000000,188000.00000000000,367000.00000000000,395000.00000000000,407000.00000000000,394000.00000000000,475000.00000000000,512000.00000000000,518000.00000000000,4740000.00000000000,5.49000000000,6.30000000000,5.57000000000,5.07000000000,2.84000000000,5.54000000000,5.96000000000,6.14000000000,5.95000000000,7.17000000000,7.74000000000,7.82000000000,5.97000000000,29200000.00000000000,33600000.00000000000,32900000.00000000000,31100000.00000000000,22200000.00000000000,34900000.00000000000,38700000.00000000000,40700000.00000000000,42900000.00000000000,53400000.00000000000,56200000.00000000000,56800000.00000000000,473000000.00000000000,441.00000000000,507.00000000000,497.00000000000,470.00000000000,335.00000000000,527.00000000000,585.00000000000,614.00000000000,648.00000000000,807.00000000000,849.00000000000,858.00000000000,595.00000000000
17129,Menard,11.40000000000,963,95,96,4.20000000000,0.00000000000,4.20000000000,12245,2220.00000000000,2360.00000000000,3500.00000000000,2840.00000000000,0.00000000000,4470.00000000000,5310.00000000000,5300.00000000000,4420.00000000000,4710.00000000000,4970.00000000000,5510.00000000000,45600.00000000000,0.18100000000,0.19300000000,0.28600000000,0.23200000000,0.00000000000,0.36500000000,0.43400000000,0.43300000000,0.36100000000,0.38400000000,0.40600000000,0.45000000000,0.31000000000,171000.00000000000,222000.00000000000,323000.00000000000,236000.00000000000,0.00000000000,397000.00000000000,470000.00000000000,449000.00000000000,425000.00000000000,456000.00000000000,469000.00000000000,578000.00000000000,4200000.00000000000,13.90000000000,18.20000000000,26.40000000000,19.30000000000,0.00000000000,32.50000000000,38.40000000000,36.70000000000,34.70000000000,37.30000000000,38.30000000000,47.20000000000,28.60000000000
17017,Cass,13.10000000000,"1,065",283,93,4.90000000000,2.10000000000,7.00000000000,12505,0.00000000000,0.00000000000,0.00000000000,0.00000000000,0.00000000000,0.00000000000,0.00000000000,0.00000000000,0.00000000000,0.00000000000,0.00000000000,0.00000000000,0.00000000000,0.00000000000,0.00000000000,0.00000000000,0.00000000000,0.00000000000,0.00000000000,0.00000000000,0.00000000000,0.00000000000,0.00000000000,0.00000000000,0.00000000000,0.00000000000,0.00000000000,0.00000000000,0.00000000000,0.00000000000,0.00000000000,0.00000000000,0.00000000000,0.00000000000,0.00000000000,0.00000000000,0.00000000000,0.00000000000,0.00000000000,0.00000000000,0.00000000000,0.00000000000,0.00000000000,0.00000000000,0.00000000000,0.00000000000,0.00000000000,0.00000000000,0.00000000000,0.00000000000,0.00000000000,0.00000000000
17009,Brown,11.60000000000,404,68,91,7.40000000000,1.50000000000,8.90000000000,6716,6480.00000000000,7670.00000000000,1700.00000000000,0.00000000000,0.00000000000,0.00000000000,0.00000000000,0.00000000000,0.00000000000,0.00000000000,0.00000000000,0.00000000000,15900.00000000000,0.96500000000,1.14000000000,0.25300000000,0.00000000000,0.00000000000,0.00000000000,0.00000000000,0.00000000000,0.00000000000,0.00000000000,0.00000000000,0.00000000000,0.19700000000,488000.00000000000,624000.00000000000,143000.00000000000,0.00000000000,0.00000000000,0.00000000000,0.00000000000,0.00000000000,0.00000000000,0.00000000000,0.00000000000,0.00000000000,1260000.00000000000,72.60000000000,92.90000000000,21.30000000000,0.00000000000,0.00000000000,0.00000000000,0.00000000000,0.00000000000,0.00000000000,0.00000000000,0.00000000000,0.00000000000,15.60000000000
17115,Macon,16.60000000000,"9,235","2,600",90,8.30000000000,2.10000000000,10.40000000000,105801,627000.00000000000,714000.00000000000,684000.00000000000,687000.00000000000,306000.00000000000,746000.00000000000,765000.00000000000,815000.00000000000,872000.00000000000,912000.00000000000,971000.00000000000,226000.00000000000,8330000.00000000000,5.93000000000,6.75000000000,6.46000000000,6.49000000000,2.90000000000,7.05000000000,7.23000000000,7.70000000000,8.24000000000,8.62000000000,9.17000000000,2.14000000000,6.56000000000,57300000.00000000000,66600000.00000000000,64500000.00000000000,69600000.00000000000,38200000.00000000000,77700000.00000000000,83600000.00000000000,88000000.00000000000,92800000.00000000000,96600000.00000000000,107000000.00000000000,15200000.00000000000,857000000.00000000000,542.00000000000,630.00000000000,610.00000000000,658.00000000000,361.00000000000,734.00000000000,790.00000000000,832.00000000000,877.00000000000,913.00000000000,1010.00000000000,143.00000000000,675.00000000000
17167,Sangamon,15.60000000000,"16,703","2,810",94,5.10000000000,1.40000000000,6.50000000000,196452,348000.00000000000,375000.00000000000,376000.00000000000,373000.00000000000,153000.00000000000,427000.00000000000,433000.00000000000,436000.00000000000,477000.00000000000,675000.00000000000,720000.00000000000,665000.00000000000,5460000.00000000000,1.77000000000,1.91000000000,1.91000000000,1.90000000000,0.77900000000,2.17000000000,2.21000000000,2.22000000000,2.43000000000,3.44000000000,3.67000000000,3.38000000000,2.32000000000,21700000.00000000000,23500000.00000000000,23200000.00000000000,24900000.00000000000,15500000.00000000000,31100000.00000000000,32400000.00000000000,35800000.00000000000,37100000.00000000000,52700000.00000000000,55800000.00000000000,52500000.00000000000,406000000.00000000000,110.00000000000,120.00000000000,118.00000000000,127.00000000000,78.80000000000,158.00000000000,165.00000000000,182.00000000000,189.00000000000,268.00000000000,284.00000000000,267.00000000000,172.00000000000
17045,Edgar,15.40000000000,"1,285",321,95,3.40000000000,1.60000000000,5.00000000000,17328,46700.00000000000,52600.00000000000,50200.00000000000,53000.00000000000,19900.00000000000,47900.00000000000,53600.00000000000,59100.00000000000,66600.00000000000,74800.00000000000,78800.00000000000,0.00000000000,603000.00000000000,2.69000000000,3.03000000000,2.89000000000,3.06000000000,1.15000000000,2.77000000000,3.09000000000,3.41000000000,3.84000000000,4.32000000000,4.55000000000,0.00000000000,2.90000000000,4860000.00000000000,5600000.00000000000,5380000.00000000000,6110000.00000000000,2570000.00000000000,5750000.00000000000,6590000.00000000000,7130000.00000000000,8340000.00000000000,9290000.00000000000,10100000.00000000000,0.00000000000,71700000.00000000000,281.00000000000,323.00000000000,311.00000000000,353.00000000000,148.00000000000,332.00000000000,380.00000000000,412.00000000000,481.00000000000,536.00000000000,583.00000000000,0.00000000000,345.00000000000
17041,Douglas,12.10000000000,"1,900",252,94,2.80000000000,2.80000000000,5.60000000000,19748,10200.00000000000,12600.00000000000,10700.00000000000,9640.00000000000,2370.00000000000,10700.00000000000,6670.00000000000,6630.00000000000,7090.00000000000,6610.00000000000,8730.00000000000,7550.00000000000,99500.00000000000,0.51900000000,0.63600000000,0.54100000000,0.48800000000,0.12000000000,0.54400000000,0.33800000000,0.33600000000,0.35900000000,0.33400000000,0.44200000000,0.38200000000,0.42000000000,787000.00000000000,1010000.00000000000,862000.00000000000,786000.00000000000,257000.00000000000,967000.00000000000,554000.00000000000,685000.00000000000,791000.00000000000,658000.00000000000,795000.00000000000,709000.00000000000,8860000.00000000000,39.90000000000,51.00000000000,43.60000000000,39.80000000000,13.00000000000,49.00000000000,28.10000000000,34.70000000000,40.10000000000,33.30000000000,40.30000000000,35.90000000000,37.40000000000
17137,Morgan,14.90000000000,"2,570",631,92,6.30000000000,1.90000000000,8.20000000000,33798,57200.00000000000,59000.00000000000,59300.00000000000,56300.00000000000,26000.00000000000,66300.00000000000,53000.00000000000,56600.00000000000,55100.00000000000,59400.00000000000,66100.00000000000,59200.00000000000,674000.00000000000,1.69000000000,1.75000000000,1.76000000000,1.67000000000,0.77000000000,1.96000000000,1.57000000000,1.67000000000,1.63000000000,1.76000000000,1.96000000000,1.75000000000,1.66000000000,3740000.00000000000,3820000.00000000000,3960000.00000000000,4270000.00000000000,2860000.00000000000,4940000.00000000000,3770000.00000000000,5110000.00000000000,4200000.00000000000,4120000.00000000000,4710000.00000000000,4250000.00000000000,49800000.00000000000,111.00000000000,113.00000000000,117.00000000000,126.00000000000,84.70000000000,146.00000000000,112.00000000000,151.00000000000,124.00000000000,122.00000000000,139.00000000000,126.00000000000,123.00000000000
17149,Pike,14.90000000000,"1,224",253,95,4.30000000000,0.80000000000,5.10000000000,15821,0.00000000000,0.00000000000,0.00000000000,0.00000000000,0.00000000000,0.00000000000,0.00000000000,0.00000000000,0.00000000000,0.00000000000,0.00000000000,0.00000000000,0.00000000000,0.00000000000,0.00000000000,0.00000000000,0.00000000000,0.00000000000,0.00000000000,0.00000000000,0.00000000000,0.00000000000,0.00000000000,0.00000000000,0.00000000000,0.00000000000,0.00000000000,0.00000000000,0.00000000000,0.00000000000,0.00000000000,0.00000000000,0.00000000000,0.00000000000,0.00000000000,0.00000000000,0.00000000000,0.00000000000,0.00000000000,0.00000000000,0.00000000000,0.00000000000,0.00000000000,0.00000000000,0.00000000000,0.00000000000,0.00000000000,0.00000000000,0.00000000000,0.00000000000,0.00000000000,0.00000000000
17021,Christian,12.80000000000,"2,622",620,97,2.90000000000,0.20000000000,3.10000000000,33102,81600.00000000000,87700.00000000000,82500.00000000000,97900.00000000000,53800.00000000000,111000.00000000000,112000.00000000000,122000.00000000000,125000.00000000000,134000.00000000000,150000.00000000000,28500.00000000000,1190000.00000000000,2.46000000000,2.65000000000,2.49000000000,2.96000000000,1.62000000000,3.34000000000,3.37000000000,3.68000000000,3.78000000000,4.03000000000,4.53000000000,0.86200000000,2.98000000000,7690000.00000000000,8280000.00000000000,8000000.00000000000,10300000.00000000000,6910000.00000000000,12100000.00000000000,12600000.00000000000,13900000.00000000000,13500000.00000000000,14200000.00000000000,16400000.00000000000,2380000.00000000000,126000000.00000000000,232.00000000000,250.00000000000,242.00000000000,310.00000000000,209.00000000000,364.00000000000,380.00000000000,421.00000000000,407.00000000000,429.00000000000,495.00000000000,71.90000000000,318.00000000000
17139,Moultrie,12.10000000000,"1,346",173,95,3.50000000000,1.20000000000,4.70000000000,14688,5960.00000000000,7330.00000000000,5810.00000000000,4950.00000000000,981.00000000000,3980.00000000000,2340.00000000000,2960.00000000000,2830.00000000000,626.00000000000,0.00000000000,0.00000000000,37800.00000000000,0.40600000000,0.49900000000,0.39600000000,0.33700000000,0.06680000000,0.27100000000,0.15900000000,0.20200000000,0.19300000000,0.04260000000,0.00000000000,0.00000000000,0.21400000000,485000.00000000000,658000.00000000000,543000.00000000000,435000.00000000000,98200.00000000000,337000.00000000000,182000.00000000000,321000.00000000000,302000.00000000000,70800.00000000000,0.00000000000,0.00000000000,3430000.00000000000,33.00000000000,44.80000000000,36.90000000000,29.60000000000,6.69000000000,22.90000000000,12.40000000000,21.80000000000,20.60000000000,4.82000000000,0.00000000000,0.00000000000,19.50000000000
17171,Scott,14.90000000000,328,124,93,4.80000000000,2.40000000000,7.20000000000,5002,0.00000000000,0.00000000000,0.00000000000,0.00000000000,0.00000000000,0.00000000000,0.00000000000,0.00000000000,0.00000000000,0.00000000000,0.00000000000,0.00000000000,0.00000000000,0.00000000000,0.00000000000,0.00000000000,0.00000000000,0.00000000000,0.00000000000,0.00000000000,0.00000000000,0.00000000000,0.00000000000,0.00000000000,0.00000000000,0.00000000000,0.00000000000,0.00000000000,0.00000000000,0.00000000000,0.00000000000,0.00000000000,0.00000000000,0.00000000000,0.00000000000,0.00000000000,0.00000000000,0.00000000000,0.00000000000,0.00000000000,0.00000000000,0.00000000000,0.00000000000,0.00000000000,0.00000000000,0.00000000000,0.00000000000,0.00000000000,0.00000000000,0.00000000000,0.00000000000,0.00000000000
17029,Coles,21.00000000000,"3,566",892,97,2.20000000000,0.70000000000,2.90000000000,51979,30300.00000000000,33200.00000000000,37500.00000000000,39900.00000000000,20300.00000000000,43400.00000000000,45300.00000000000,46000.00000000000,45400.00000000000,45800.00000000000,46000.00000000000,42000.00000000000,475000.00000000000,0.58200000000,0.63900000000,0.72200000000,0.76800000000,0.39000000000,0.83400000000,0.87200000000,0.88500000000,0.87300000000,0.88100000000,0.88500000000,0.80800000000,0.76200000000,1810000.00000000000,2030000.00000000000,2470000.00000000000,3060000.00000000000,2150000.00000000000,3010000.00000000000,3730000.00000000000,4370000.00000000000,3410000.00000000000,2910000.00000000000,3100000.00000000000,2780000.00000000000,34800000.00000000000,34.90000000000,39.10000000000,47.50000000000,59.00000000000,41.30000000000,58.00000000000,71.70000000000,84.10000000000,65.50000000000,56.00000000000,59.60000000000,53.40000000000,55.80000000000
17173,Shelby,12.10000000000,"1,660",282,95,4.30000000000,0.40000000000,4.70000000000,21719,1510.00000000000,4050.00000000000,1760.00000000000,967.00000000000,0.00000000000,1500.00000000000,1940.00000000000,2120.00000000000,1240.00000000000,0.00000000000,0.00000000000,0.00000000000,15100.00000000000,0.06950000000,0.18600000000,0.08110000000,0.04450000000,0.00000000000,0.06900000000,0.08910000000,0.09770000000,0.05690000000,0.00000000000,0.00000000000,0.00000000000,0.05780000000,116000.00000000000,348000.00000000000,151000.00000000000,69500.00000000000,0.00000000000,103000.00000000000,145000.00000000000,157000.00000000000,103000.00000000000,0.00000000000,0.00000000000,0.00000000000,1190000.00000000000,5.35000000000,16.00000000000,6.93000000000,3.20000000000,0.00000000000,4.76000000000,6.67000000000,7.22000000000,4.75000000000,0.00000000000,0.00000000000,0.00000000000,4.57000000000
17135,Montgomery,15.60000000000,"2,181",479,96,2.90000000000,0.60000000000,3.50000000000,28790,22900.00000000000,41900.00000000000,50300.00000000000,49500.00000000000,28300.00000000000,60700.00000000000,63400.00000000000,65100.00000000000,68100.00000000000,56400.00000000000,59900.00000000000,13600.00000000000,580000.00000000000,0.79400000000,1.46000000000,1.75000000000,1.72000000000,0.98400000000,2.11000000000,2.20000000000,2.26000000000,2.37000000000,1.96000000000,2.08000000000,0.47200000000,1.68000000000,2360000.00000000000,4190000.00000000000,5030000.00000000000,5380000.00000000000,3620000.00000000000,7000000.00000000000,7470000.00000000000,8140000.00000000000,8050000.00000000000,6590000.00000000000,7300000.00000000000,929000.00000000000,66100000.00000000000,81.90000000000,145.00000000000,175.00000000000,187.00000000000,126.00000000000,243.00000000000,260.00000000000,283.00000000000,280.00000000000,229.00000000000,254.00000000000,32.30000000000,191.00000000000
17117,Macoupin,13.30000000000,"3,290",656,94,3.80000000000,2.00000000000,5.80000000000,45446,5400.00000000000,10400.00000000000,19600.00000000000,21400.00000000000,0.00000000000,31300.00000000000,28500.00000000000,26800.00000000000,30600.00000000000,16300.00000000000,17400.00000000000,17000.00000000000,225000.00000000000,0.11900000000,0.22900000000,0.43000000000,0.47100000000,0.00000000000,0.69000000000,0.62700000000,0.59000000000,0.67400000000,0.35900000000,0.38300000000,0.37400000000,0.41200000000,432000.00000000000,864000.00000000000,1820000.00000000000,2080000.00000000000,0.00000000000,3430000.00000000000,2620000.00000000000,2440000.00000000000,2950000.00000000000,1620000.00000000000,1800000.00000000000,1760000.00000000000,21800000.00000000000,9.50000000000,19.00000000000,40.00000000000,45.80000000000,0.00000000000,75.50000000000,57.60000000000,53.60000000000,65.00000000000,35.70000000000,39.60000000000,38.80000000000,40.00000000000
17061,Greene,17.90000000000,"1,029",236,95,4.70000000000,0.40000000000,5.10000000000,13174,39800.00000000000,48000.00000000000,49600.00000000000,52000.00000000000,18700.00000000000,60300.00000000000,62300.00000000000,65600.00000000000,70300.00000000000,73900.00000000000,84300.00000000000,7460.00000000000,632000.00000000000,3.02000000000,3.64000000000,3.77000000000,3.95000000000,1.42000000000,4.57000000000,4.73000000000,4.98000000000,5.33000000000,5.61000000000,6.40000000000,0.56700000000,4.00000000000,5200000.00000000000,6280000.00000000000,6730000.00000000000,7230000.00000000000,2410000.00000000000,8560000.00000000000,9000000.00000000000,9530000.00000000000,10500000.00000000000,11000000.00000000000,12800000.00000000000,803000.00000000000,90000000.00000000000,394.00000000000,477.00000000000,511.00000000000,549.00000000000,183.00000000000,650.00000000000,683.00000000000,723.00000000000,797.00000000000,833.00000000000,970.00000000000,61.00000000000,569.00000000000
17023,Clark,14.30000000000,"1,329",275,97,2.90000000000,0.00000000000,2.90000000000,15767,1280.00000000000,1470.00000000000,1370.00000000000,1250.00000000000,0.00000000000,1380.00000000000,2050.00000000000,2060.00000000000,1300.00000000000,0.00000000000,0.00000000000,0.00000000000,12200.00000000000,0.08120000000,0.09310000000,0.08690000000,0.07960000000,0.00000000000,0.08770000000,0.13000000000,0.13100000000,0.08270000000,0.00000000000,0.00000000000,0.00000000000,0.06440000000,79600.00000000000,99400.00000000000,106000.00000000000,101000.00000000000,0.00000000000,102000.00000000000,154000.00000000000,145000.00000000000,118000.00000000000,0.00000000000,0.00000000000,0.00000000000,905000.00000000000,5.05000000000,6.30000000000,6.73000000000,6.38000000000,0.00000000000,6.45000000000,9.78000000000,9.17000000000,7.47000000000,0.00000000000,0.00000000000,0.00000000000,4.78000000000
17013,Calhoun,12.80000000000,369,27,96,3.70000000000,0.00000000000,3.70000000000,4833,0.00000000000,0.00000000000,0.00000000000,0.00000000000,0.00000000000,0.00000000000,0.00000000000,0.00000000000,0.00000000000,0.00000000000,0.00000000000,0.00000000000,0.00000000000,0.00000000000,0.00000000000,0.00000000000,0.00000000000,0.00000000000,0.00000000000,0.00000000000,0.00000000000,0.00000000000,0.00000000000,0.00000000000,0.00000000000,0.00000000000,0.00000000000,0.00000000000,0.00000000000,0.00000000000,0.00000000000,0.00000000000,0.00000000000,0.00000000000,0.00000000000,0.00000000000,0.00000000000,0.00000000000,0.00000000000,0.00000000000,0.00000000000,0.00000000000,0.00000000000,0.00000000000,0.00000000000,0.00000000000,0.00000000000,0.00000000000,0.00000000000,0.00000000000,0.00000000000,0.00000000000
17035,Cumberland,14.30000000000,943,166,98,2.40000000000,0.00000000000,2.40000000000,10908,0.00000000000,0.00000000000,0.00000000000,0.00000000000,0.00000000000,0.00000000000,0.00000000000,0.00000000000,0.00000000000,0.00000000000,0.00000000000,0.00000000000,0.00000000000,0.00000000000,0.00000000000,0.00000000000,0.00000000000,0.00000000000,0.00000000000,0.00000000000,0.00000000000,0.00000000000,0.00000000000,0.00000000000,0.00000000000,0.00000000000,0.00000000000,0.00000000000,0.00000000000,0.00000000000,0.00000000000,0.00000000000,0.00000000000,0.00000000000,0.00000000000,0.00000000000,0.00000000000,0.00000000000,0.00000000000,0.00000000000,0.00000000000,0.00000000000,0.00000000000,0.00000000000,0.00000000000,0.00000000000,0.00000000000,0.00000000000,0.00000000000,0.00000000000,0.00000000000,0.00000000000
17083,Jersey,9.40000000000,"1,648",430,98,1.60000000000,0.50000000000,2.10000000000,21941,4180.00000000000,9150.00000000000,11000.00000000000,13900.00000000000,8790.00000000000,17000.00000000000,17100.00000000000,18800.00000000000,15800.00000000000,16000.00000000000,14100.00000000000,12600.00000000000,158000.00000000000,0.19000000000,0.41700000000,0.50300000000,0.63400000000,0.40100000000,0.77600000000,0.77700000000,0.85800000000,0.72200000000,0.73000000000,0.64300000000,0.57700000000,0.60200000000,263000.00000000000,544000.00000000000,750000.00000000000,1060000.00000000000,1030000.00000000000,1360000.00000000000,1520000.00000000000,2040000.00000000000,1290000.00000000000,1170000.00000000000,1050000.00000000000,905000.00000000000,13000000.00000000000,12.00000000000,24.80000000000,34.20000000000,48.20000000000,47.10000000000,62.20000000000,69.30000000000,92.80000000000,59.00000000000,53.40000000000,47.90000000000,41.20000000000,49.30000000000
17051,Fayette,17.80000000000,"1,673",349,96,3.20000000000,0.60000000000,3.80000000000,21784,0.00000000000,0.00000000000,0.00000000000,0.00000000000,0.00000000000,0.00000000000,0.00000000000,0.00000000000,0.00000000000,0.00000000000,0.00000000000,0.00000000000,0.00000000000,0.00000000000,0.00000000000,0.00000000000,0.00000000000,0.00000000000,0.00000000000,0.00000000000,0.00000000000,0.00000000000,0.00000000000,0.00000000000,0.00000000000,0.00000000000,0.00000000000,0.00000000000,0.00000000000,0.00000000000,0.00000000000,0.00000000000,0.00000000000,0.00000000000,0.00000000000,0.00000000000,0.00000000000,0.00000000000,0.00000000000,0.00000000000,0.00000000000,0.00000000000,0.00000000000,0.00000000000,0.00000000000,0.00000000000,0.00000000000,0.00000000000,0.00000000000,0.00000000000,0.00000000000,0.00000000000
17049,Effingham,11.30000000000,"3,102",479,97,3.10000000000,0.20000000000,3.30000000000,34132,97900.00000000000,108000.00000000000,171000.00000000000,129000.00000000000,27400.00000000000,184000.00000000000,178000.00000000000,180000.00000000000,191000.00000000000,180000.00000000000,186000.00000000000,169000.00000000000,1800000.00000000000,2.87000000000,3.18000000000,5.01000000000,3.77000000000,0.80400000000,5.39000000000,5.22000000000,5.28000000000,5.61000000000,5.28000000000,5.45000000000,4.95000000000,4.40000000000,8720000.00000000000,9990000.00000000000,11500000.00000000000,6880000.00000000000,3300000.00000000000,9110000.00000000000,9120000.00000000000,10100000.00000000000,9830000.00000000000,8850000.00000000000,9210000.00000000000,7140000.00000000000,104000000.00000000000,256.00000000000,293.00000000000,336.00000000000,201.00000000000,96.60000000000,267.00000000000,267.00000000000,295.00000000000,288.00000000000,259.00000000000,270.00000000000,209.00000000000,253.00000000000
17033,Crawford,11.90000000000,"1,471",254,96,2.80000000000,0.80000000000,3.60000000000,18961,0.00000000000,0.00000000000,0.00000000000,0.00000000000,0.00000000000,0.00000000000,0.00000000000,0.00000000000,0.00000000000,0.00000000000,0.00000000000,0.00000000000,0.00000000000,0.00000000000,0.00000000000,0.00000000000,0.00000000000,0.00000000000,0.00000000000,0.00000000000,0.00000000000,0.00000000000,0.00000000000,0.00000000000,0.00000000000,0.00000000000,0.00000000000,0.00000000000,0.00000000000,0.00000000000,0.00000000000,0.00000000000,0.00000000000,0.00000000000,0.00000000000,0.00000000000,0.00000000000,0.00000000000,0.00000000000,0.00000000000,0.00000000000,0.00000000000,0.00000000000,0.00000000000,0.00000000000,0.00000000000,0.00000000000,0.00000000000,0.00000000000,0.00000000000,0.00000000000,0.00000000000
17079,Jasper,12.40000000000,836,92,97,3.30000000000,0.00000000000,3.30000000000,9578,0.00000000000,6200.00000000000,4950.00000000000,4240.00000000000,2.97000000000,7790.00000000000,6480.00000000000,6140.00000000000,5780.00000000000,0.00000000000,0.00000000000,0.00000000000,41600.00000000000,0.00000000000,0.64700000000,0.51600000000,0.44200000000,0.00031000000,0.81300000000,0.67700000000,0.64200000000,0.60300000000,0.00000000000,0.00000000000,0.00000000000,0.36200000000,0.00000000000,577000.00000000000,435000.00000000000,376000.00000000000,304.00000000000,845000.00000000000,596000.00000000000,584000.00000000000,563000.00000000000,0.00000000000,0.00000000000,0.00000000000,3980000.00000000000,0.00000000000,60.20000000000,45.40000000000,39.30000000000,0.03180000000,88.20000000000,62.30000000000,61.00000000000,58.80000000000,0.00000000000,0.00000000000,0.00000000000,34.60000000000
17005,Bond,15.70000000000,"1,120",227,98,0.90000000000,1.30000000000,2.20000000000,16948,0.00000000000,0.00000000000,7770.00000000000,7190.00000000000,0.00000000000,8850.00000000000,6550.00000000000,6660.00000000000,6130.00000000000,0.00000000000,0.00000000000,0.00000000000,43200.00000000000,0.00000000000,0.00000000000,0.45800000000,0.42400000000,0.00000000000,0.52200000000,0.38600000000,0.39300000000,0.36200000000,0.00000000000,0.00000000000,0.00000000000,0.21200000000,0.00000000000,0.00000000000,674000.00000000000,641000.00000000000,0.00000000000,977000.00000000000,570000.00000000000,604000.00000000000,544000.00000000000,0.00000000000,0.00000000000,0.00000000000,4010000.00000000000,0.00000000000,0.00000000000,39.70000000000,37.80000000000,0.00000000000,57.70000000000,33.60000000000,35.60000000000,32.10000000000,0.00000000000,0.00000000000,0.00000000000,19.70000000000
17119,Madison,13.50000000000,"22,060","4,171",97,2.40000000000,0.60000000000,3.00000000000,265428,480000.00000000000,632000.00000000000,674000.00000000000,673000.00000000000,238000.00000000000,831000.00000000000,859000.00000000000,907000.00000000000,864000.00000000000,863000.00000000000,919000.00000000000,856000.00000000000,8800000.00000000000,1.81000000000,2.38000000000,2.54000000000,2.54000000000,0.89500000000,3.13000000000,3.23000000000,3.42000000000,3.26000000000,3.25000000000,3.46000000000,3.23000000000,2.76000000000,33300000.00000000000,44800000.00000000000,46300000.00000000000,48500000.00000000000,26200000.00000000000,61900000.00000000000,65300000.00000000000,74700000.00000000000,65400000.00000000000,60000000.00000000000,63600000.00000000000,56800000.00000000000,647000000.00000000000,125.00000000000,169.00000000000,174.00000000000,183.00000000000,98.50000000000,233.00000000000,246.00000000000,281.00000000000,247.00000000000,226.00000000000,240.00000000000,214.00000000000,203.00000000000
17025,Clay,14.00000000000,"1,136",277,94,5.80000000000,0.40000000000,6.20000000000,13269,0.00000000000,0.00000000000,0.00000000000,0.00000000000,0.00000000000,0.00000000000,0.00000000000,0.00000000000,0.00000000000,0.00000000000,0.00000000000,0.00000000000,0.00000000000,0.00000000000,0.00000000000,0.00000000000,0.00000000000,0.00000000000,0.00000000000,0.00000000000,0.00000000000,0.00000000000,0.00000000000,0.00000000000,0.00000000000,0.00000000000,0.00000000000,0.00000000000,0.00000000000,0.00000000000,0.00000000000,0.00000000000,0.00000000000,0.00000000000,0.00000000000,0.00000000000,0.00000000000,0.00000000000,0.00000000000,0.00000000000,0.00000000000,0.00000000000,0.00000000000,0.00000000000,0.00000000000,0.00000000000,0.00000000000,0.00000000000,0.00000000000,0.00000000000,0.00000000000,0.00000000000
17101,Lawrence,16.40000000000,"1,216",259,94,3.10000000000,2.70000000000,5.80000000000,16168,0.00000000000,0.00000000000,0.00000000000,0.00000000000,0.00000000000,0.00000000000,0.00000000000,0.00000000000,0.00000000000,0.00000000000,0.00000000000,0.00000000000,0.00000000000,0.00000000000,0.00000000000,0.00000000000,0.00000000000,0.00000000000,0.00000000000,0.00000000000,0.00000000000,0.00000000000,0.00000000000,0.00000000000,0.00000000000,0.00000000000,0.00000000000,0.00000000000,0.00000000000,0.00000000000,0.00000000000,0.00000000000,0.00000000000,0.00000000000,0.00000000000,0.00000000000,0.00000000000,0.00000000000,0.00000000000,0.00000000000,0.00000000000,0.00000000000,0.00000000000,0.00000000000,0.00000000000,0.00000000000,0.00000000000,0.00000000000,0.00000000000,0.00000000000,0.00000000000,0.00000000000
17159,Richland,15.00000000000,"1,360",214,95,4.70000000000,0.50000000000,5.20000000000,15901,0.00000000000,0.00000000000,0.00000000000,0.00000000000,0.00000000000,0.00000000000,0.00000000000,0.00000000000,0.00000000000,0.00000000000,0.00000000000,0.00000000000,0.00000000000,0.00000000000,0.00000000000,0.00000000000,0.00000000000,0.00000000000,0.00000000000,0.00000000000,0.00000000000,0.00000000000,0.00000000000,0.00000000000,0.00000000000,0.00000000000,0.00000000000,0.00000000000,0.00000000000,0.00000000000,0.00000000000,0.00000000000,0.00000000000,0.00000000000,0.00000000000,0.00000000000,0.00000000000,0.00000000000,0.00000000000,0.00000000000,0.00000000000,0.00000000000,0.00000000000,0.00000000000,0.00000000000,0.00000000000,0.00000000000,0.00000000000,0.00000000000,0.00000000000,0.00000000000,0.00000000000
17121,Marion,17.80000000000,"3,365",706,94,4.40000000000,1.10000000000,5.50000000000,37902,13600.00000000000,16400.00000000000,19200.00000000000,19300.00000000000,9810.00000000000,23700.00000000000,23200.00000000000,23700.00000000000,23100.00000000000,23000.00000000000,25800.00000000000,22000.00000000000,243000.00000000000,0.35800000000,0.43400000000,0.50600000000,0.50900000000,0.25900000000,0.62600000000,0.61300000000,0.62500000000,0.61000000000,0.60600000000,0.67900000000,0.58000000000,0.53400000000,988000.00000000000,1210000.00000000000,1600000.00000000000,1770000.00000000000,1270000.00000000000,2180000.00000000000,2340000.00000000000,2570000.00000000000,2090000.00000000000,1950000.00000000000,2080000.00000000000,1810000.00000000000,21900000.00000000000,26.10000000000,32.00000000000,42.30000000000,46.70000000000,33.60000000000,57.60000000000,61.80000000000,67.80000000000,55.00000000000,51.40000000000,54.90000000000,47.70000000000,48.10000000000
17027,Clinton,9.00000000000,"2,884",363,99,0.30000000000,0.60000000000,0.90000000000,37614,0.00000000000,0.00000000000,0.00000000000,0.00000000000,0.00000000000,0.00000000000,0.00000000000,0.00000000000,0.00000000000,0.00000000000,0.00000000000,0.00000000000,0.00000000000,0.00000000000,0.00000000000,0.00000000000,0.00000000000,0.00000000000,0.00000000000,0.00000000000,0.00000000000,0.00000000000,0.00000000000,0.00000000000,0.00000000000,0.00000000000,0.00000000000,0.00000000000,0.00000000000,0.00000000000,0.00000000000,0.00000000000,0.00000000000,0.00000000000,0.00000000000,0.00000000000,0.00000000000,0.00000000000,0.00000000000,0.00000000000,0.00000000000,0.00000000000,0.00000000000,0.00000000000,0.00000000000,0.00000000000,0.00000000000,0.00000000000,0.00000000000,0.00000000000,0.00000000000,0.00000000000
17163,St. Clair,17.00000000000,"23,655","5,459",96,3.40000000000,0.90000000000,4.40000000000,262479,625000.00000000000,666000.00000000000,711000.00000000000,726000.00000000000,219000.00000000000,849000.00000000000,930000.00000000000,931000.00000000000,956000.00000000000,995000.00000000000,1100000.00000000000,1070000.00000000000,9780000.00000000000,2.38000000000,2.54000000000,2.71000000000,2.77000000000,0.83600000000,3.24000000000,3.54000000000,3.55000000000,3.64000000000,3.79000000000,4.19000000000,4.09000000000,3.11000000000,44900000.00000000000,47800000.00000000000,50200000.00000000000,54200000.00000000000,24800000.00000000000,65300000.00000000000,73000000.00000000000,76800000.00000000000,76400000.00000000000,75100000.00000000000,82300000.00000000000,80000000.00000000000,751000000.00000000000,171.00000000000,182.00000000000,191.00000000000,207.00000000000,94.60000000000,249.00000000000,278.00000000000,293.00000000000,291.00000000000,286.00000000000,313.00000000000,305.00000000000,238.00000000000
17191,Wayne,15.80000000000,"1,360",313,96,2.90000000000,0.60000000000,3.50000000000,16495,0.00000000000,0.00000000000,0.00000000000,0.00000000000,0.00000000000,0.00000000000,0.00000000000,0.00000000000,0.00000000000,0.00000000000,0.00000000000,0.00000000000,0.00000000000,0.00000000000,0.00000000000,0.00000000000,0.00000000000,0.00000000000,0.00000000000,0.00000000000,0.00000000000,0.00000000000,0.00000000000,0.00000000000,0.00000000000,0.00000000000,0.00000000000,0.00000000000,0.00000000000,0.00000000000,0.00000000000,0.00000000000,0.00000000000,0.00000000000,0.00000000000,0.00000000000,0.00000000000,0.00000000000,0.00000000000,0.00000000000,0.00000000000,0.00000000000,0.00000000000,0.00000000000,0.00000000000,0.00000000000,0.00000000000,0.00000000000,0.00000000000,0.00000000000,0.00000000000,0.00000000000
17047,Edwards,11.50000000000,514,88,97,2.30000000000,1.10000000000,3.40000000000,6486,0.00000000000,0.00000000000,0.00000000000,0.00000000000,0.00000000000,0.00000000000,0.00000000000,0.00000000000,0.00000000000,0.00000000000,0.00000000000,0.00000000000,0.00000000000,0.00000000000,0.00000000000,0.00000000000,0.00000000000,0.00000000000,0.00000000000,0.00000000000,0.00000000000,0.00000000000,0.00000000000,0.00000000000,0.00000000000,0.00000000000,0.00000000000,0.00000000000,0.00000000000,0.00000000000,0.00000000000,0.00000000000,0.00000000000,0.00000000000,0.00000000000,0.00000000000,0.00000000000,0.00000000000,0.00000000000,0.00000000000,0.00000000000,0.00000000000,0.00000000000,0.00000000000,0.00000000000,0.00000000000,0.00000000000,0.00000000000,0.00000000000,0.00000000000,0.00000000000,0.00000000000
17185,Wabash,13.10000000000,905,185,90,6.50000000000,3.20000000000,9.70000000000,11489,14100.00000000000,15400.00000000000,14000.00000000000,11000.00000000000,2860.00000000000,15400.00000000000,15900.00000000000,12400.00000000000,13800.00000000000,16700.00000000000,17700.00000000000,15500.00000000000,165000.00000000000,1.23000000000,1.34000000000,1.21000000000,0.96000000000,0.24900000000,1.34000000000,1.38000000000,1.08000000000,1.20000000000,1.45000000000,1.54000000000,1.35000000000,1.19000000000,1150000.00000000000,1270000.00000000000,1170000.00000000000,933000.00000000000,323000.00000000000,1460000.00000000000,1470000.00000000000,1250000.00000000000,1390000.00000000000,1690000.00000000000,1740000.00000000000,1590000.00000000000,15400000.00000000000,99.80000000000,110.00000000000,101.00000000000,81.20000000000,28.20000000000,127.00000000000,128.00000000000,109.00000000000,121.00000000000,147.00000000000,152.00000000000,139.00000000000,112.00000000000
17133,Monroe,5.30000000000,"2,534",333,94,6.00000000000,0.00000000000,6.00000000000,34097,20100.00000000000,30000.00000000000,35100.00000000000,35300.00000000000,18900.00000000000,36400.00000000000,36400.00000000000,40000.00000000000,31500.00000000000,31300.00000000000,35100.00000000000,31900.00000000000,382000.00000000000,0.59100000000,0.88000000000,1.03000000000,1.04000000000,0.55400000000,1.07000000000,1.07000000000,1.17000000000,0.92400000000,0.91900000000,1.03000000000,0.93500000000,0.93400000000,1180000.00000000000,1790000.00000000000,2470000.00000000000,2920000.00000000000,2330000.00000000000,3060000.00000000000,3330000.00000000000,4350000.00000000000,2560000.00000000000,2200000.00000000000,2570000.00000000000,2230000.00000000000,31000000.00000000000,34.60000000000,52.50000000000,72.30000000000,85.70000000000,68.30000000000,89.60000000000,97.60000000000,128.00000000000,75.00000000000,64.40000000000,75.40000000000,65.30000000000,75.70000000000
17189,Washington,9.70000000000,"1,046",145,95,2.80000000000,2.10000000000,4.90000000000,14030,24200.00000000000,35000.00000000000,31800.00000000000,26800.00000000000,18400.00000000000,32600.00000000000,32700.00000000000,31300.00000000000,33200.00000000000,25500.00000000000,34400.00000000000,0.00000000000,326000.00000000000,1.72000000000,2.49000000000,2.27000000000,1.91000000000,1.31000000000,2.32000000000,2.33000000000,2.23000000000,2.37000000000,1.82000000000,2.45000000000,0.00000000000,1.94000000000,2410000.00000000000,3400000.00000000000,3200000.00000000000,2910000.00000000000,2480000.00000000000,3860000.00000000000,3680000.00000000000,3680000.00000000000,4000000.00000000000,3440000.00000000000,4370000.00000000000,0.00000000000,37400000.00000000000,172.00000000000,242.00000000000,228.00000000000,207.00000000000,177.00000000000,275.00000000000,263.00000000000,262.00000000000,285.00000000000,245.00000000000,311.00000000000,0.00000000000,222.00000000000
17081,Jefferson,18.90000000000,"3,344",537,96,3.40000000000,0.90000000000,4.30000000000,38179,205000.00000000000,215000.00000000000,233000.00000000000,220000.00000000000,116000.00000000000,247000.00000000000,252000.00000000000,253000.00000000000,271000.00000000000,294000.00000000000,320000.00000000000,105000.00000000000,2730000.00000000000,5.38000000000,5.63000000000,6.10000000000,5.77000000000,3.04000000000,6.48000000000,6.60000000000,6.64000000000,7.11000000000,7.69000000000,8.39000000000,2.75000000000,5.97000000000,18400000.00000000000,19600000.00000000000,20200000.00000000000,20000000.00000000000,15800000.00000000000,24000000.00000000000,24100000.00000000000,24900000.00000000000,26600000.00000000000,28800000.00000000000,31700000.00000000000,7110000.00000000000,261000000.00000000000,482.00000000000,513.00000000000,530.00000000000,525.00000000000,413.00000000000,629.00000000000,631.00000000000,652.00000000000,697.00000000000,755.00000000000,831.00000000000,186.00000000000,570.00000000000
17193,White,13.90000000000,"1,272",235,95,3.40000000000,1.30000000000,4.70000000000,13938,0.00000000000,0.00000000000,0.00000000000,0.00000000000,0.00000000000,0.00000000000,0.00000000000,0.00000000000,0.00000000000,0.00000000000,0.00000000000,0.00000000000,0.00000000000,0.00000000000,0.00000000000,0.00000000000,0.00000000000,0.00000000000,0.00000000000,0.00000000000,0.00000000000,0.00000000000,0.00000000000,0.00000000000,0.00000000000,0.00000000000,0.00000000000,0.00000000000,0.00000000000,0.00000000000,0.00000000000,0.00000000000,0.00000000000,0.00000000000,0.00000000000,0.00000000000,0.00000000000,0.00000000000,0.00000000000,0.00000000000,0.00000000000,0.00000000000,0.00000000000,0.00000000000,0.00000000000,0.00000000000,0.00000000000,0.00000000000,0.00000000000,0.00000000000,0.00000000000,0.00000000000
17065,Hamilton,13.90000000000,664,115,98,1.70000000000,0.00000000000,1.70000000000,8194,0.00000000000,0.00000000000,0.00000000000,0.00000000000,0.00000000000,0.00000000000,0.00000000000,0.00000000000,0.00000000000,0.00000000000,0.00000000000,0.00000000000,0.00000000000,0.00000000000,0.00000000000,0.00000000000,0.00000000000,0.00000000000,0.00000000000,0.00000000000,0.00000000000,0.00000000000,0.00000000000,0.00000000000,0.00000000000,0.00000000000,0.00000000000,0.00000000000,0.00000000000,0.00000000000,0.00000000000,0.00000000000,0.00000000000,0.00000000000,0.00000000000,0.00000000000,0.00000000000,0.00000000000,0.00000000000,0.00000000000,0.00000000000,0.00000000000,0.00000000000,0.00000000000,0.00000000000,0.00000000000,0.00000000000,0.00000000000,0.00000000000,0.00000000000,0.00000000000,0.00000000000
17157,Randolph,12.30000000000,"2,320",370,96,3.20000000000,0.30000000000,3.50000000000,32423,0.00000000000,12500.00000000000,13000.00000000000,12200.00000000000,0.00000000000,19700.00000000000,16000.00000000000,16300.00000000000,15700.00000000000,0.00000000000,0.00000000000,0.00000000000,105000.00000000000,0.00000000000,0.38700000000,0.40100000000,0.37700000000,0.00000000000,0.60800000000,0.49200000000,0.50200000000,0.48400000000,0.00000000000,0.00000000000,0.00000000000,0.27100000000,0.00000000000,1220000.00000000000,1220000.00000000000,1150000.00000000000,0.00000000000,2260000.00000000000,1520000.00000000000,1570000.00000000000,1510000.00000000000,0.00000000000,0.00000000000,0.00000000000,10500000.00000000000,0.00000000000,37.70000000000,37.50000000000,35.40000000000,0.00000000000,69.60000000000,46.70000000000,48.50000000000,46.60000000000,0.00000000000,0.00000000000,0.00000000000,26.80000000000
17145,Perry,14.70000000000,"1,506",313,93,6.40000000000,0.30000000000,6.70000000000,21285,45900.00000000000,50800.00000000000,46200.00000000000,48200.00000000000,28700.00000000000,43500.00000000000,42500.00000000000,6850.00000000000,0.00000000000,0.00000000000,0.00000000000,0.00000000000,313000.00000000000,2.16000000000,2.39000000000,2.17000000000,2.26000000000,1.35000000000,2.04000000000,2.00000000000,0.32200000000,0.00000000000,0.00000000000,0.00000000000,0.00000000000,1.22000000000,4160000.00000000000,4700000.00000000000,4660000.00000000000,5040000.00000000000,4000000.00000000000,4980000.00000000000,4920000.00000000000,862000.00000000000,0.00000000000,0.00000000000,0.00000000000,0.00000000000,33300000.00000000000,196.00000000000,221.00000000000,219.00000000000,237.00000000000,188.00000000000,234.00000000000,231.00000000000,40.50000000000,0.00000000000,0.00000000000,0.00000000000,0.00000000000,131.00000000000
17055,Franklin,19.90000000000,"3,357",582,92,8.20000000000,0.20000000000,8.40000000000,39041,108000.00000000000,118000.00000000000,103000.00000000000,95200.00000000000,65600.00000000000,97300.00000000000,99700.00000000000,95900.00000000000,100000.00000000000,104000.00000000000,117000.00000000000,11300.00000000000,1120000.00000000000,2.77000000000,3.02000000000,2.64000000000,2.44000000000,1.68000000000,2.49000000000,2.55000000000,2.46000000000,2.57000000000,2.65000000000,2.99000000000,0.29000000000,2.38000000000,10200000.00000000000,11300000.00000000000,10400000.00000000000,9910000.00000000000,8810000.00000000000,11000000.00000000000,11500000.00000000000,11000000.00000000000,11800000.00000000000,12500000.00000000000,14800000.00000000000,1340000.00000000000,125000000.00000000000,261.00000000000,290.00000000000,266.00000000000,254.00000000000,226.00000000000,283.00000000000,296.00000000000,282.00000000000,303.00000000000,319.00000000000,379.00000000000,34.30000000000,266.00000000000
17077,Jackson,27.90000000000,"4,210","1,010",98,1.70000000000,0.30000000000,2.00000000000,58284,251000.00000000000,285000.00000000000,240000.00000000000,235000.00000000000,143000.00000000000,253000.00000000000,273000.00000000000,295000.00000000000,308000.00000000000,334000.00000000000,350000.00000000000,75600.00000000000,3040000.00000000000,4.31000000000,4.89000000000,4.12000000000,4.03000000000,2.45000000000,4.34000000000,4.69000000000,5.06000000000,5.28000000000,5.73000000000,6.00000000000,1.30000000000,4.35000000000,20600000.00000000000,24100000.00000000000,21100000.00000000000,21600000.00000000000,18600000.00000000000,24000000.00000000000,26100000.00000000000,29500000.00000000000,30200000.00000000000,33200000.00000000000,35400000.00000000000,5740000.00000000000,290000000.00000000000,353.00000000000,413.00000000000,362.00000000000,371.00000000000,319.00000000000,412.00000000000,448.00000000000,505.00000000000,519.00000000000,570.00000000000,607.00000000000,98.60000000000,415.00000000000
17059,Gallatin,16.60000000000,354,93,98,2.20000000000,0.00000000000,2.20000000000,5080,0.00000000000,0.00000000000,0.00000000000,0.00000000000,0.00000000000,0.00000000000,0.00000000000,0.00000000000,0.00000000000,0.00000000000,0.00000000000,0.00000000000,0.00000000000,0.00000000000,0.00000000000,0.00000000000,0.00000000000,0.00000000000,0.00000000000,0.00000000000,0.00000000000,0.00000000000,0.00000000000,0.00000000000,0.00000000000,0.00000000000,0.00000000000,0.00000000000,0.00000000000,0.00000000000,0.00000000000,0.00000000000,0.00000000000,0.00000000000,0.00000000000,0.00000000000,0.00000000000,0.00000000000,0.00000000000,0.00000000000,0.00000000000,0.00000000000,0.00000000000,0.00000000000,0.00000000000,0.00000000000,0.00000000000,0.00000000000,0.00000000000,0.00000000000,0.00000000000,0.00000000000
17165,Saline,20.60000000000,"2,014",507,96,3.90000000000,0.60000000000,4.50000000000,24102,98400.00000000000,100000.00000000000,103000.00000000000,86000.00000000000,57600.00000000000,94600.00000000000,98400.00000000000,107000.00000000000,104000.00000000000,113000.00000000000,117000.00000000000,8860.00000000000,1090000.00000000000,4.08000000000,4.16000000000,4.29000000000,3.57000000000,2.39000000000,3.92000000000,4.08000000000,4.42000000000,4.30000000000,4.69000000000,4.84000000000,0.36800000000,3.76000000000,9100000.00000000000,9300000.00000000000,10100000.00000000000,9020000.00000000000,7970000.00000000000,10600000.00000000000,11100000.00000000000,12400000.00000000000,11900000.00000000000,13000000.00000000000,13700000.00000000000,644000.00000000000,119000000.00000000000,378.00000000000,386.00000000000,420.00000000000,374.00000000000,331.00000000000,439.00000000000,459.00000000000,514.00000000000,494.00000000000,541.00000000000,567.00000000000,26.70000000000,411.00000000000
17199,Williamson,15.20000000000,"5,440","1,075",89,9.90000000000,0.70000000000,10.60000000000,67328,438000.00000000000,425000.00000000000,399000.00000000000,373000.00000000000,214000.00000000000,377000.00000000000,448000.00000000000,443000.00000000000,456000.00000000000,513000.00000000000,548000.00000000000,148000.00000000000,4780000.00000000000,6.51000000000,6.31000000000,5.93000000000,5.53000000000,3.18000000000,5.60000000000,6.65000000000,6.59000000000,6.77000000000,7.62000000000,8.13000000000,2.19000000000,5.92000000000,38000000.00000000000,36800000.00000000000,37100000.00000000000,36400000.00000000000,28700000.00000000000,39700000.00000000000,42400000.00000000000,42600000.00000000000,43100000.00000000000,48400000.00000000000,53500000.00000000000,7660000.00000000000,454000000.00000000000,564.00000000000,546.00000000000,551.00000000000,540.00000000000,427.00000000000,590.00000000000,630.00000000000,633.00000000000,640.00000000000,718.00000000000,794.00000000000,114.00000000000,562.00000000000
17069,Hardin,16.60000000000,280,50,88,12.00000000000,0.00000000000,12.00000000000,4046,0.00000000000,0.00000000000,0.00000000000,0.00000000000,0.00000000000,0.00000000000,0.00000000000,0.00000000000,0.00000000000,0.00000000000,0.00000000000,0.00000000000,0.00000000000,0.00000000000,0.00000000000,0.00000000000,0.00000000000,0.00000000000,0.00000000000,0.00000000000,0.00000000000,0.00000000000,0.00000000000,0.00000000000,0.00000000000,0.00000000000,0.00000000000,0.00000000000,0.00000000000,0.00000000000,0.00000000000,0.00000000000,0.00000000000,0.00000000000,0.00000000000,0.00000000000,0.00000000000,0.00000000000,0.00000000000,0.00000000000,0.00000000000,0.00000000000,0.00000000000,0.00000000000,0.00000000000,0.00000000000,0.00000000000,0.00000000000,0.00000000000,0.00000000000,0.00000000000,0.00000000000
17151,Pope,12.70000000000,180,32,88,12.50000000000,0.00000000000,12.50000000000,4325,0.00000000000,0.00000000000,0.00000000000,0.00000000000,0.00000000000,0.00000000000,0.00000000000,0.00000000000,0.00000000000,0.00000000000,0.00000000000,0.00000000000,0.00000000000,0.00000000000,0.00000000000,0.00000000000,0.00000000000,0.00000000000,0.00000000000,0.00000000000,0.00000000000,0.00000000000,0.00000000000,0.00000000000,0.00000000000,0.00000000000,0.00000000000,0.00000000000,0.00000000000,0.00000000000,0.00000000000,0.00000000000,0.00000000000,0.00000000000,0.00000000000,0.00000000000,0.00000000000,0.00000000000,0.00000000000,0.00000000000,0.00000000000,0.00000000000,0.00000000000,0.00000000000,0.00000000000,0.00000000000,0.00000000000,0.00000000000,0.00000000000,0.00000000000,0.00000000000,0.00000000000
17181,Union,16.80000000000,"1,316",213,94,5.20000000000,0.50000000000,5.70000000000,17000,56800.00000000000,57500.00000000000,55600.00000000000,58200.00000000000,39900.00000000000,70200.00000000000,83500.00000000000,86900.00000000000,91400.00000000000,102000.00000000000,108000.00000000000,17800.00000000000,828000.00000000000,3.34000000000,3.39000000000,3.27000000000,3.42000000000,2.35000000000,4.13000000000,4.91000000000,5.11000000000,5.37000000000,5.98000000000,6.34000000000,1.05000000000,4.06000000000,5240000.00000000000,5360000.00000000000,5530000.00000000000,5970000.00000000000,5430000.00000000000,7790000.00000000000,9130000.00000000000,9540000.00000000000,9820000.00000000000,11000000.00000000000,11900000.00000000000,1570000.00000000000,88300000.00000000000,308.00000000000,315.00000000000,325.00000000000,351.00000000000,320.00000000000,458.00000000000,537.00000000000,561.00000000000,578.00000000000,648.00000000000,702.00000000000,92.10000000000,433.00000000000
17087,Johnson,13.90000000000,813,171,87,12.30000000000,0.60000000000,12.90000000000,12900,1260.00000000000,1690.00000000000,2310.00000000000,2360.00000000000,0.00000000000,2760.00000000000,3920.00000000000,5640.00000000000,9100.00000000000,10700.00000000000,12700.00000000000,13300.00000000000,65700.00000000000,0.09800000000,0.13100000000,0.17900000000,0.18300000000,0.00000000000,0.21400000000,0.30400000000,0.43700000000,0.70500000000,0.82900000000,0.98700000000,1.03000000000,0.42500000000,88900.00000000000,105000.00000000000,184000.00000000000,189000.00000000000,0.00000000000,228000.00000000000,352000.00000000000,475000.00000000000,842000.00000000000,1010000.00000000000,1260000.00000000000,1320000.00000000000,6050000.00000000000,6.89000000000,8.17000000000,14.30000000000,14.60000000000,0.00000000000,17.60000000000,27.30000000000,36.80000000000,65.30000000000,78.20000000000,98.00000000000,102.00000000000,39.10000000000
17127,Massac,18.40000000000,"1,215",138,93,6.50000000000,0.70000000000,7.20000000000,14344,3640.00000000000,3770.00000000000,4300.00000000000,4200.00000000000,0.00000000000,6320.00000000000,35500.00000000000,39800.00000000000,41000.00000000000,37200.00000000000,42500.00000000000,36100.00000000000,254000.00000000000,0.25400000000,0.26300000000,0.30000000000,0.29300000000,0.00000000000,0.44000000000,2.47000000000,2.78000000000,2.86000000000,2.60000000000,2.97000000000,2.51000000000,1.48000000000,211000.00000000000,145000.00000000000,219000.00000000000,266000.00000000000,0.00000000000,456000.00000000000,3380000.00000000000,4280000.00000000000,3940000.00000000000,3280000.00000000000,3840000.00000000000,3080000.00000000000,23100000.00000000000,14.70000000000,10.10000000000,15.30000000000,18.50000000000,0.00000000000,31.80000000000,236.00000000000,298.00000000000,274.00000000000,228.00000000000,268.00000000000,215.00000000000,134.00000000000
17003,Alexander,33.40000000000,648,128,91,5.50000000000,3.90000000000,9.40000000000,6315,0.00000000000,0.00000000000,0.00000000000,0.00000000000,0.00000000000,0.00000000000,0.00000000000,0.00000000000,0.00000000000,0.00000000000,0.00000000000,0.00000000000,0.00000000000,0.00000000000,0.00000000000,0.00000000000,0.00000000000,0.00000000000,0.00000000000,0.00000000000,0.00000000000,0.00000000000,0.00000000000,0.00000000000,0.00000000000,0.00000000000,0.00000000000,0.00000000000,0.00000000000,0.00000000000,0.00000000000,0.00000000000,0.00000000000,0.00000000000,0.00000000000,0.00000000000,0.00000000000,0.00000000000,0.00000000000,0.00000000000,0.00000000000,0.00000000000,0.00000000000,0.00000000000,0.00000000000,0.00000000000,0.00000000000,0.00000000000,0.00000000000,0.00000000000,0.00000000000,0.00000000000
17153,Pulaski,17.10000000000,417,68,94,5.90000000000,0.00000000000,5.90000000000,5509,0.00000000000,0.00000000000,0.00000000000,0.00000000000,0.00000000000,0.00000000000,0.00000000000,0.00000000000,0.00000000000,0.00000000000,0.00000000000,0.00000000000,0.00000000000,0.00000000000,0.00000000000,0.00000000000,0.00000000000,0.00000000000,0.00000000000,0.00000000000,0.00000000000,0.00000000000,0.00000000000,0.00000000000,0.00000000000,0.00000000000,0.00000000000,0.00000000000,0.00000000000,0.00000000000,0.00000000000,0.00000000000,0.00000000000,0.00000000000,0.00000000000,0.00000000000,0.00000000000,0.00000000000,0.00000000000,0.00000000000,0.00000000000,0.00000000000,0.00000000000,0.00000000000,0.00000000000,0.00000000000,0.00000000000,0.00000000000,0.00000000000,0.00000000000,0.00000000000,0.00000000000
17177,Stephenson,16.10000000000,"3,587","1,161",86,8.60000000000,5.10000000000,13.70000000000,45054,325000.00000000000,334000.00000000000,255000.00000000000,234000.00000000000,58500.00000000000,235000.00000000000,244000.00000000000,231000.00000000000,224000.00000000000,245000.00000000000,244000.00000000000,219000.00000000000,2850000.00000000000,7.21000000000,7.41000000000,5.67000000000,5.19000000000,1.30000000000,5.22000000000,5.41000000000,5.12000000000,4.98000000000,5.44000000000,5.42000000000,4.86000000000,5.27000000000,33700000.00000000000,36000000.00000000000,27600000.00000000000,25700000.00000000000,8480000.00000000000,23600000.00000000000,24800000.00000000000,24200000.00000000000,22000000.00000000000,24000000.00000000000,24200000.00000000000,21800000.00000000000,296000000.00000000000,748.00000000000,800.00000000000,612.00000000000,571.00000000000,188.00000000000,525.00000000000,550.00000000000,536.00000000000,488.00000000000,532.00000000000,538.00000000000,485.00000000000,548.00000000000
17201,Winnebago,15.30000000000,"24,920","4,824",95,3.90000000000,1.20000000000,5.10000000000,284778,1550000.00000000000,1670000.00000000000,1570000.00000000000,1600000.00000000000,625000.00000000000,1640000.00000000000,863000.00000000000,904000.00000000000,955000.00000000000,979000.00000000000,995000.00000000000,979000.00000000000,14300000.00000000000,5.46000000000,5.88000000000,5.52000000000,5.61000000000,2.19000000000,5.77000000000,3.03000000000,3.17000000000,3.35000000000,3.44000000000,3.49000000000,3.44000000000,4.20000000000,138000000.00000000000,152000000.00000000000,147000000.00000000000,163000000.00000000000,76300000.00000000000,174000000.00000000000,75100000.00000000000,84800000.00000000000,86900000.00000000000,84400000.00000000000,87300000.00000000000,88500000.00000000000,1360000000.00000000000,484.00000000000,534.00000000000,517.00000000000,574.00000000000,268.00000000000,611.00000000000,264.00000000000,298.00000000000,305.00000000000,296.00000000000,307.00000000000,311.00000000000,397.00000000000
17111,McHenry,7.30000000000,"24,299","1,881",97,2.30000000000,0.30000000000,2.60000000000,309122,2750000.00000000000,3060000.00000000000,2800000.00000000000,2650000.00000000000,756000.00000000000,2530000.00000000000,2540000.00000000000,2560000.00000000000,2650000.00000000000,2930000.00000000000,3100000.00000000000,2950000.00000000000,31300000.00000000000,8.91000000000,9.90000000000,9.07000000000,8.56000000000,2.45000000000,8.20000000000,8.20000000000,8.27000000000,8.58000000000,9.48000000000,10.00000000000,9.55000000000,8.43000000000,230000000.00000000000,263000000.00000000000,251000000.00000000000,253000000.00000000000,95000000.00000000000,245000000.00000000000,243000000.00000000000,272000000.00000000000,281000000.00000000000,305000000.00000000000,327000000.00000000000,308000000.00000000000,3070000000.00000000000,745.00000000000,852.00000000000,811.00000000000,819.00000000000,307.00000000000,794.00000000000,786.00000000000,880.00000000000,910.00000000000,987.00000000000,1060.00000000000,996.00000000000,829.00000000000
17007,Boone,10.60000000000,"4,367",930,98,1.10000000000,0.90000000000,2.00000000000,53513,95600.00000000000,169000.00000000000,155000.00000000000,152000.00000000000,20500.00000000000,85700.00000000000,63000.00000000000,69000.00000000000,54000.00000000000,41300.00000000000,46700.00000000000,45400.00000000000,997000.00000000000,1.79000000000,3.17000000000,2.89000000000,2.84000000000,0.38300000000,1.60000000000,1.18000000000,1.29000000000,1.01000000000,0.77100000000,0.87200000000,0.84900000000,1.55000000000,5670000.00000000000,8280000.00000000000,7640000.00000000000,7470000.00000000000,2380000.00000000000,5810000.00000000000,6000000.00000000000,7140000.00000000000,4990000.00000000000,3250000.00000000000,3800000.00000000000,3860000.00000000000,66300000.00000000000,106.00000000000,155.00000000000,143.00000000000,140.00000000000,44.40000000000,109.00000000000,112.00000000000,133.00000000000,93.20000000000,60.80000000000,71.10000000000,72.10000000000,103.00000000000
17097,Lake,8.50000000000,"59,737","8,159",98,1.30000000000,0.30000000000,1.60000000000,703520,8290000.00000000000,8900000.00000000000,8200000.00000000000,7600000.00000000000,1880000.00000000000,6940000.00000000000,6740000.00000000000,6540000.00000000000,6340000.00000000000,6910000.00000000000,7540000.00000000000,7430000.00000000000,83300000.00000000000,11.80000000000,12.70000000000,11.70000000000,10.80000000000,2.68000000000,9.86000000000,9.58000000000,9.30000000000,9.01000000000,9.82000000000,10.70000000000,10.60000000000,9.88000000000,646000000.00000000000,700000000.00000000000,680000000.00000000000,673000000.00000000000,224000000.00000000000,623000000.00000000000,607000000.00000000000,649000000.00000000000,627000000.00000000000,666000000.00000000000,744000000.00000000000,739000000.00000000000,7580000000.00000000000,918.00000000000,996.00000000000,966.00000000000,957.00000000000,318.00000000000,886.00000000000,863.00000000000,922.00000000000,891.00000000000,946.00000000000,1060.00000000000,1050.00000000000,898.00000000000
17141,Ogle,11.10000000000,"3,818",444,97,2.70000000000,0.70000000000,3.40000000000,51063,92.20000000000,873.00000000000,7110.00000000000,16300.00000000000,9290.00000000000,21700.00000000000,23900.00000000000,28600.00000000000,27300.00000000000,27700.00000000000,29000.00000000000,29900.00000000000,222000.00000000000,0.00181000000,0.01710000000,0.13900000000,0.31900000000,0.18200000000,0.42500000000,0.46800000000,0.56000000000,0.53500000000,0.54200000000,0.56900000000,0.58500000000,0.36200000000,5570.00000000000,38900.00000000000,629000.00000000000,1410000.00000000000,1140000.00000000000,1870000.00000000000,2100000.00000000000,3050000.00000000000,2400000.00000000000,2260000.00000000000,2370000.00000000000,2380000.00000000000,19700000.00000000000,0.10900000000,0.76200000000,12.30000000000,27.70000000000,22.40000000000,36.60000000000,41.20000000000,59.70000000000,47.00000000000,44.20000000000,46.30000000000,46.70000000000,32.10000000000
17015,Carroll,11.30000000000,956,248,94,3.60000000000,2.00000000000,5.60000000000,14518,9720.00000000000,10200.00000000000,9730.00000000000,6650.00000000000,1920.00000000000,7110.00000000000,4760.00000000000,5600.00000000000,4210.00000000000,4760.00000000000,4920.00000000000,5230.00000000000,74800.00000000000,0.66900000000,0.70200000000,0.67000000000,0.45800000000,0.13300000000,0.48900000000,0.32800000000,0.38600000000,0.29000000000,0.32800000000,0.33900000000,0.36000000000,0.42900000000,811000.00000000000,870000.00000000000,813000.00000000000,516000.00000000000,217000.00000000000,653000.00000000000,376000.00000000000,597000.00000000000,476000.00000000000,491000.00000000000,473000.00000000000,646000.00000000000,6940000.00000000000,55.90000000000,59.90000000000,56.00000000000,35.60000000000,14.90000000000,45.00000000000,25.90000000000,41.10000000000,32.80000000000,33.80000000000,32.60000000000,44.50000000000,39.80000000000
17031,Cook,15.90000000000,"464,992","130,594",97,2.22000000000,0.61000000000,2.83000000000,5211263,48300000.00000000000,56600000.00000000000,52800000.00000000000,50500000.00000000000,13600000.00000000000,52600000.00000000000,53400000.00000000000,52200000.00000000000,50100000.00000000000,52800000.00000000000,57800000.00000000000,47200000.00000000000,588000000.00000000000,9.27000000000,10.90000000000,10.10000000000,9.69000000000,2.61000000000,10.10000000000,10.20000000000,10.00000000000,9.62000000000,10.10000000000,11.10000000000,9.05000000000,9.40000000000,3540000000.00000000000,4370000000.00000000000,4230000000.00000000000,4380000000.00000000000,1560000000.00000000000,4700000000.00000000000,4690000000.00000000000,4950000000.00000000000,4710000000.00000000000,4920000000.00000000000,5410000000.00000000000,4030000000.00000000000,51500000000.00000000000,680.00000000000,839.00000000000,812.00000000000,841.00000000000,300.00000000000,902.00000000000,900.00000000000,951.00000000000,904.00000000000,945.00000000000,1040.00000000000,774.00000000000,824.00000000000
17089,Kane,10.40000000000,"49,807","11,460",97,2.40000000000,0.60000000000,3.00000000000,534667,4180000.00000000000,4650000.00000000000,4120000.00000000000,3730000.00000000000,1060000.00000000000,3420000.00000000000,3390000.00000000000,3270000.00000000000,3490000.00000000000,3700000.00000000000,4030000.00000000000,3920000.00000000000,43000000.00000000000,7.83000000000,8.70000000000,7.70000000000,6.98000000000,1.99000000000,6.40000000000,6.34000000000,6.12000000000,6.53000000000,6.92000000000,7.53000000000,7.34000000000,6.70000000000,355000000.00000000000,395000000.00000000000,369000000.00000000000,352000000.00000000000,130000000.00000000000,320000000.00000000000,312000000.00000000000,338000000.00000000000,355000000.00000000000,366000000.00000000000,403000000.00000000000,396000000.00000000000,4090000000.00000000000,663.00000000000,739.00000000000,690.00000000000,659.00000000000,243.00000000000,599.00000000000,584.00000000000,632.00000000000,664.00000000000,685.00000000000,754.00000000000,740.00000000000,638.00000000000
17037,DeKalb,18.10000000000,"8,525","1,396",98,1.30000000000,0.40000000000,1.70000000000,104733,194000.00000000000,253000.00000000000,222000.00000000000,211000.00000000000,82000.00000000000,303000.00000000000,378000.00000000000,421000.00000000000,479000.00000000000,914000.00000000000,918000.00000000000,880000.00000000000,5260000.00000000000,1.85000000000,2.42000000000,2.12000000000,2.02000000000,0.78300000000,2.89000000000,3.61000000000,4.02000000000,4.58000000000,8.73000000000,8.76000000000,8.41000000000,4.18000000000,12500000.00000000000,14400000.00000000000,12700000.00000000000,12900000.00000000000,8880000.00000000000,26900000.00000000000,36000000.00000000000,42500000.00000000000,48900000.00000000000,99000000.00000000000,95900000.00000000000,91200000.00000000000,502000000.00000000000,120.00000000000,138.00000000000,122.00000000000,123.00000000000,84.80000000000,257.00000000000,344.00000000000,406.00000000000,466.00000000000,945.00000000000,916.00000000000,871.00000000000,399.00000000000
17043,DuPage,6.80000000000,"78,007","7,388",98,1.20000000000,0.50000000000,1.70000000000,930128,11200000.00000000000,12600000.00000000000,11600000.00000000000,10700000.00000000000,2590000.00000000000,10400000.00000000000,10600000.00000000000,10300000.00000000000,9840000.00000000000,10200000.00000000000,11100000.00000000000,10500000.00000000000,122000000.00000000000,12.00000000000,13.50000000000,12.50000000000,11.50000000000,2.78000000000,11.20000000000,11.40000000000,11.10000000000,10.60000000000,11.00000000000,11.90000000000,11.30000000000,10.90000000000,880000000.00000000000,1020000000.00000000000,988000000.00000000000,979000000.00000000000,307000000.00000000000,966000000.00000000000,988000000.00000000000,1040000000.00000000000,994000000.00000000000,1000000000.00000000000,1090000000.00000000000,1020000000.00000000000,11300000000.00000000000,946.00000000000,1100.00000000000,1060.00000000000,1050.00000000000,330.00000000000,1040.00000000000,1060.00000000000,1110.00000000000,1070.00000000000,1080.00000000000,1170.00000000000,1100.00000000000,1010.00000000000
17195,Whiteside,11.10000000000,"4,661","1,059",94,4.00000000000,1.50000000000,5.50000000000,56118,164000.00000000000,179000.00000000000,176000.00000000000,184000.00000000000,80300.00000000000,209000.00000000000,226000.00000000000,246000.00000000000,238000.00000000000,254000.00000000000,279000.00000000000,50000.00000000000,2290000.00000000000,2.92000000000,3.19000000000,3.13000000000,3.27000000000,1.43000000000,3.72000000000,4.03000000000,4.39000000000,4.23000000000,4.53000000000,4.97000000000,0.89100000000,3.39000000000,15800000.00000000000,17700000.00000000000,17600000.00000000000,19400000.00000000000,10100000.00000000000,23800000.00000000000,27800000.00000000000,29700000.00000000000,27800000.00000000000,29300000.00000000000,33700000.00000000000,3970000.00000000000,257000000.00000000000,281.00000000000,315.00000000000,313.00000000000,345.00000000000,180.00000000000,425.00000000000,496.00000000000,530.00000000000,495.00000000000,523.00000000000,601.00000000000,70.70000000000,381.00000000000
17103,Lee,11.80000000000,"2,482",171,95,4.10000000000,1.20000000000,5.30000000000,34406,29800.00000000000,32300.00000000000,30200.00000000000,29200.00000000000,15300.00000000000,26400.00000000000,24900.00000000000,27900.00000000000,26500.00000000000,26000.00000000000,24900.00000000000,23600.00000000000,317000.00000000000,0.86700000000,0.93900000000,0.87800000000,0.85000000000,0.44500000000,0.76700000000,0.72300000000,0.81100000000,0.77000000000,0.75400000000,0.72300000000,0.68600000000,0.76800000000,2070000.00000000000,2250000.00000000000,2210000.00000000000,2390000.00000000000,1740000.00000000000,2210000.00000000000,2190000.00000000000,2740000.00000000000,2180000.00000000000,1860000.00000000000,1740000.00000000000,1660000.00000000000,25200000.00000000000,60.00000000000,65.30000000000,64.30000000000,69.40000000000,50.60000000000,64.20000000000,63.60000000000,79.70000000000,63.40000000000,53.90000000000,50.50000000000,48.20000000000,61.10000000000
